name,description,price,thumb,images,slug,sku,sizes,prices
Persian Qajar Woman Carpet,"<div>
<p class=""p2"" style=""margin-bottom:0px;font-size:17px;line-height:normal;""><span class=""s2"" style=""font-family:UICTFontTextStyleEmphasizedBody;font-weight:bold;"">MATERIAL</span></p>
<ul class=""ul1"" style="""">
<li class=""li2"" style=""margin:0px;font-size:17px;line-height:normal;"">
<span class=""s3"" style=""font-family:Menlo-Regular;font-size:12px;""></span><span class=""s4"" style=""font-family:UICTFontTextStyleBody;"">100% Wool, hand-woven on a wool base.&nbsp;</span>
</li>
<li class=""li2"" style=""margin:0px;font-size:17px;line-height:normal;"">
<span class=""s3"" style=""font-family:Menlo-Regular;font-size:12px;""></span><span class=""s4"" style=""font-family:UICTFontTextStyleBody;"">All of Kilim Masr’s products are handcrafted, making each product unique. Slight variations and imperfections are embraced.&nbsp;</span>
</li>
</ul>
<p class=""p2"" style=""margin-bottom:0px;font-size:17px;line-height:normal;""><span class=""s4"" style=""font-family:UICTFontTextStyleBody;"">&nbsp;&nbsp;</span><span class=""s2"" style=""font-family:UICTFontTextStyleEmphasizedBody;font-weight:bold;"">CARE</span></p>
<ul class=""ul1"" style="""">
<li class=""li2"" style=""margin:0px;font-size:17px;line-height:normal;"">
<span class=""s3"" style=""font-family:Menlo-Regular;font-size:12px;""></span><span class=""s4"" style=""font-family:UICTFontTextStyleBody;"">Dry clean recommended or hand wash cold with non-bleach detergent.</span>
</li>
<li class=""li2"" style=""margin:0px;font-size:17px;line-height:normal;"">
<span class=""s3"" style=""font-family:Menlo-Regular;font-size:12px;""></span><span class=""s4"" style=""font-family:UICTFontTextStyleBody;"">For stains, scrub with gel detergent &amp; leave to air dry.</span>
</li>
<li class=""li2"" style=""margin:0px;font-size:17px;line-height:normal;"">
<span class=""s3"" style=""font-family:Menlo-Regular;font-size:12px;""></span><span class=""s4"" style=""font-family:UICTFontTextStyleBody;"">Do not use bleach, stain remover, or tumble dry.</span>
</li>
<li class=""li2"" style=""margin:0px;font-size:17px;line-height:normal;"">
<span class=""s3"" style=""font-family:Menlo-Regular;font-size:12px;""></span><span class=""s4"" style=""font-family:UICTFontTextStyleBody;"">Products are for indoor use, do not expose to direct sunlight.</span>
</li>
<li class=""li2"" style=""margin:0px;font-size:17px;line-height:normal;"">
<span class=""s3"" style=""font-family:Menlo-Regular;font-size:12px;""></span><span class=""s4"" style=""font-family:UICTFontTextStyleBody;"">5-year guarantee on color fastness.</span>
</li>
</ul>
<p class=""p2"" style=""margin-bottom:0px;font-size:17px;line-height:normal;""><span class=""s4"" style=""font-family:UICTFontTextStyleBody;"">&nbsp;&nbsp;</span><span class=""s2"" style=""font-family:UICTFontTextStyleEmphasizedBody;font-weight:bold;"">SHIPPING</span></p>
<ul class=""ul1"" style=""""><li class=""li2"" style=""margin:0px;font-size:17px;line-height:normal;"">
<span class=""s3"" style=""font-family:Menlo-Regular;font-size:12px;""></span><span class=""s4"" style=""font-family:UICTFontTextStyleBody;"">Delivery within 2-3 weeks</span>
</li></ul>
<p class=""p3"" style=""margin-bottom:0px;font-size:17px;line-height:normal;""><span class=""s4"" style=""font-family:UICTFontTextStyleBody;""></span><br></p>
<p class=""p3"" style=""margin-bottom:0px;font-size:17px;line-height:normal;""><span class=""s4"" style=""font-family:UICTFontTextStyleBody;""></span><br></p>
<p class=""p3"" style=""margin-bottom:0px;font-size:17px;line-height:normal;""><span class=""s51"" style=""font-family:UICTFontTextStyleBody;""></span><br></p>
</div>",0,https://bucket.zammit.shop/active-storage/mizqz3vvmqsglt4tsrgcikdnsuua,https://bucket.zammit.shop/active-storage/mizqz3vvmqsglt4tsrgcikdnsuua,Persian-Qajar-Woman-Carpet,,,
Traditional Buca Kilim Rug,"<div>
<p class=""p2"" style=""margin-bottom:0px;font-size:17px;line-height:normal;""><span class=""s2"" style=""font-family:UICTFontTextStyleEmphasizedBody;font-weight:bold;"">MATERIAL</span></p>
<ul class=""ul1"" style="""">
<li class=""li2"" style=""margin:0px;font-size:17px;line-height:normal;"">
<span class=""s3"" style=""font-family:Menlo-Regular;font-size:12px;""></span><span class=""s4"" style=""font-family:UICTFontTextStyleBody;"">100% Wool, hand-woven on a wool base.&nbsp;</span>
</li>
<li class=""li2"" style=""margin:0px;font-size:17px;line-height:normal;"">
<span class=""s3"" style=""font-family:Menlo-Regular;font-size:12px;""></span><span class=""s4"" style=""font-family:UICTFontTextStyleBody;"">All of Kilim Masr’s products are handcrafted, making each product unique. Slight variations and imperfections are embraced.&nbsp;</span>
</li>
</ul>
<p class=""p2"" style=""margin-bottom:0px;font-size:17px;line-height:normal;""><span class=""s4"" style=""font-family:UICTFontTextStyleBody;"">&nbsp;&nbsp;</span><span class=""s2"" style=""font-family:UICTFontTextStyleEmphasizedBody;font-weight:bold;"">CARE</span></p>
<ul class=""ul1"" style="""">
<li class=""li2"" style=""margin:0px;font-size:17px;line-height:normal;"">
<span class=""s3"" style=""font-family:Menlo-Regular;font-size:12px;""></span><span class=""s4"" style=""font-family:UICTFontTextStyleBody;"">Dry clean recommended or hand wash cold with non-bleach detergent.</span>
</li>
<li class=""li2"" style=""margin:0px;font-size:17px;line-height:normal;"">
<span class=""s3"" style=""font-family:Menlo-Regular;font-size:12px;""></span><span class=""s4"" style=""font-family:UICTFontTextStyleBody;"">For stains, scrub with gel detergent &amp; leave to air dry.</span>
</li>
<li class=""li2"" style=""margin:0px;font-size:17px;line-height:normal;"">
<span class=""s3"" style=""font-family:Menlo-Regular;font-size:12px;""></span><span class=""s4"" style=""font-family:UICTFontTextStyleBody;"">Do not use bleach, stain remover, or tumble dry.</span>
</li>
<li class=""li2"" style=""margin:0px;font-size:17px;line-height:normal;"">
<span class=""s3"" style=""font-family:Menlo-Regular;font-size:12px;""></span><span class=""s4"" style=""font-family:UICTFontTextStyleBody;"">Products are for indoor use, do not expose to direct sunlight.</span>
</li>
<li class=""li2"" style=""margin:0px;font-size:17px;line-height:normal;"">
<span class=""s3"" style=""font-family:Menlo-Regular;font-size:12px;""></span><span class=""s4"" style=""font-family:UICTFontTextStyleBody;"">5-year guarantee on color fastness.</span>
</li>
</ul>
<p class=""p2"" style=""margin-bottom:0px;font-size:17px;line-height:normal;""><span class=""s4"" style=""font-family:UICTFontTextStyleBody;"">&nbsp;&nbsp;</span><span class=""s2"" style=""font-family:UICTFontTextStyleEmphasizedBody;font-weight:bold;"">SHIPPING</span></p>
<ul class=""ul1"" style=""""><li class=""li2"" style=""margin:0px;font-size:17px;line-height:normal;"">
<span class=""s3"" style=""font-family:Menlo-Regular;font-size:12px;""></span><span class=""s4"" style=""font-family:UICTFontTextStyleBody;"">Delivery within 2-3 weeks</span>
</li></ul>
<p class=""p3"" style=""margin-bottom:0px;font-size:17px;line-height:normal;""><span class=""s4"" style=""font-family:UICTFontTextStyleBody;""></span><br></p>
<p class=""p3"" style=""margin-bottom:0px;font-size:17px;line-height:normal;""><span class=""s4"" style=""font-family:UICTFontTextStyleBody;""></span><br></p>
<p class=""p3"" style=""margin-bottom:0px;font-size:17px;line-height:normal;""><span class=""s54"" style=""font-family:UICTFontTextStyleBody;""></span><br></p>
</div>",2100,https://bucket.zammit.shop/active-storage/bo574q04km8vuu3rruhxhoafxjnr,https://bucket.zammit.shop/active-storage/bo574q04km8vuu3rruhxhoafxjnr|https://bucket.zammit.shop/active-storage/ouji43y4zk0v74bphy8ogjdqbh62|https://bucket.zammit.shop/active-storage/pajif24x8yp2dp9m255ppxifptau|https://bucket.zammit.shop/active-storage/ukrxy5bdviwbfjordbug147t95n9,#NAME?,,0.7 * 1.5 Cm|1 * 1.5 M|1.2 * 1.8 CM|1.5 * 2 M|1.7 * 2.6 M|2 * 2.5 M|2 * 3 M,2100|3000|4320|6000|8840|10000|12000
Grey Shaggy Kilim Runner,"<div>
<p class=""p2"" style=""margin-bottom:0px;font-size:17px;line-height:normal;""><span class=""s2"" style=""font-family:UICTFontTextStyleEmphasizedBody;font-weight:bold;"">MATERIAL</span></p>
<ul class=""ul1"" style="""">
<li class=""li2"" style=""margin:0px;font-size:17px;line-height:normal;"">
<span class=""s3"" style=""font-family:Menlo-Regular;font-size:12px;""></span><span class=""s4"" style=""font-family:UICTFontTextStyleBody;"">100% Wool, hand-woven on a wool base.&nbsp;</span>
</li>
<li class=""li2"" style=""margin:0px;font-size:17px;line-height:normal;"">
<span class=""s3"" style=""font-family:Menlo-Regular;font-size:12px;""></span><span class=""s4"" style=""font-family:UICTFontTextStyleBody;"">All of Kilim Masr’s products are handcrafted, making each product unique. Slight variations and imperfections are embraced.&nbsp;</span>
</li>
</ul>
<p class=""p2"" style=""margin-bottom:0px;font-size:17px;line-height:normal;""><span class=""s4"" style=""font-family:UICTFontTextStyleBody;"">&nbsp;&nbsp;</span><span class=""s2"" style=""font-family:UICTFontTextStyleEmphasizedBody;font-weight:bold;"">CARE</span></p>
<ul class=""ul1"" style="""">
<li class=""li2"" style=""margin:0px;font-size:17px;line-height:normal;"">
<span class=""s3"" style=""font-family:Menlo-Regular;font-size:12px;""></span><span class=""s4"" style=""font-family:UICTFontTextStyleBody;"">Dry clean recommended or hand wash cold with non-bleach detergent.</span>
</li>
<li class=""li2"" style=""margin:0px;font-size:17px;line-height:normal;"">
<span class=""s3"" style=""font-family:Menlo-Regular;font-size:12px;""></span><span class=""s4"" style=""font-family:UICTFontTextStyleBody;"">For stains, scrub with gel detergent &amp; leave to air dry.</span>
</li>
<li class=""li2"" style=""margin:0px;font-size:17px;line-height:normal;"">
<span class=""s3"" style=""font-family:Menlo-Regular;font-size:12px;""></span><span class=""s4"" style=""font-family:UICTFontTextStyleBody;"">Do not use bleach, stain remover, or tumble dry.</span>
</li>
<li class=""li2"" style=""margin:0px;font-size:17px;line-height:normal;"">
<span class=""s3"" style=""font-family:Menlo-Regular;font-size:12px;""></span><span class=""s4"" style=""font-family:UICTFontTextStyleBody;"">Products are for indoor use, do not expose to direct sunlight.</span>
</li>
<li class=""li2"" style=""margin:0px;font-size:17px;line-height:normal;"">
<span class=""s3"" style=""font-family:Menlo-Regular;font-size:12px;""></span><span class=""s4"" style=""font-family:UICTFontTextStyleBody;"">5-year guarantee on color fastness.</span>
</li>
</ul>
<p class=""p2"" style=""margin-bottom:0px;font-size:17px;line-height:normal;""><span class=""s4"" style=""font-family:UICTFontTextStyleBody;"">&nbsp;&nbsp;</span><span class=""s2"" style=""font-family:UICTFontTextStyleEmphasizedBody;font-weight:bold;"">SHIPPING</span></p>
<ul class=""ul1"" style=""""><li class=""li2"" style=""margin:0px;font-size:17px;line-height:normal;"">
<span class=""s3"" style=""font-family:Menlo-Regular;font-size:12px;""></span><span class=""s4"" style=""font-family:UICTFontTextStyleBody;"">Delivery within 2-3 weeks</span>
</li></ul>
<p class=""p3"" style=""margin-bottom:0px;font-size:17px;line-height:normal;""><span class=""s4"" style=""font-family:UICTFontTextStyleBody;""></span><br></p>
<p class=""p3"" style=""margin-bottom:0px;font-size:17px;line-height:normal;""><span class=""s4"" style=""font-family:UICTFontTextStyleBody;""></span><br></p>
<p class=""p3"" style=""margin-bottom:0px;font-size:17px;line-height:normal;""><span class=""s66"" style=""font-family:UICTFontTextStyleBody;""></span><br></p>
</div>",2400,https://bucket.zammit.shop/active-storage/6hk5xunno1fg8wke04bvoo5foey7,https://bucket.zammit.shop/active-storage/6hk5xunno1fg8wke04bvoo5foey7,#NAME?,,80 * 200 Cm|80 * 300 Cm|80 * 400 Cm|80 * 500 Cm|80 * 600 Cm|80 * 700 Cm|80 * 800 Cm,2400|3600|4800|6000|7200|8400|9600
Coral Flame Kilim Rug,"<div>
<p class=""p2"" style=""margin-bottom:0px;font-size:17px;line-height:normal;""><span class=""s2"" style=""font-family:UICTFontTextStyleEmphasizedBody;font-weight:bold;"">MATERIAL</span></p>
<ul class=""ul1"" style="""">
<li class=""li2"" style=""margin:0px;font-size:17px;line-height:normal;"">
<span class=""s3"" style=""font-family:Menlo-Regular;font-size:12px;""></span><span class=""s4"" style=""font-family:UICTFontTextStyleBody;"">100% Wool, hand-woven on a wool base.&nbsp;</span>
</li>
<li class=""li2"" style=""margin:0px;font-size:17px;line-height:normal;"">
<span class=""s3"" style=""font-family:Menlo-Regular;font-size:12px;""></span><span class=""s4"" style=""font-family:UICTFontTextStyleBody;"">All of Kilim Masr’s products are handcrafted, making each product unique. Slight variations and imperfections are embraced.&nbsp;</span>
</li>
</ul>
<p class=""p2"" style=""margin-bottom:0px;font-size:17px;line-height:normal;""><span class=""s4"" style=""font-family:UICTFontTextStyleBody;"">&nbsp;&nbsp;</span><span class=""s2"" style=""font-family:UICTFontTextStyleEmphasizedBody;font-weight:bold;"">CARE</span></p>
<ul class=""ul1"" style="""">
<li class=""li2"" style=""margin:0px;font-size:17px;line-height:normal;"">
<span class=""s3"" style=""font-family:Menlo-Regular;font-size:12px;""></span><span class=""s4"" style=""font-family:UICTFontTextStyleBody;"">Dry clean recommended or hand wash cold with non-bleach detergent.</span>
</li>
<li class=""li2"" style=""margin:0px;font-size:17px;line-height:normal;"">
<span class=""s3"" style=""font-family:Menlo-Regular;font-size:12px;""></span><span class=""s4"" style=""font-family:UICTFontTextStyleBody;"">For stains, scrub with gel detergent &amp; leave to air dry.</span>
</li>
<li class=""li2"" style=""margin:0px;font-size:17px;line-height:normal;"">
<span class=""s3"" style=""font-family:Menlo-Regular;font-size:12px;""></span><span class=""s4"" style=""font-family:UICTFontTextStyleBody;"">Do not use bleach, stain remover, or tumble dry.</span>
</li>
<li class=""li2"" style=""margin:0px;font-size:17px;line-height:normal;"">
<span class=""s3"" style=""font-family:Menlo-Regular;font-size:12px;""></span><span class=""s4"" style=""font-family:UICTFontTextStyleBody;"">Products are for indoor use, do not expose to direct sunlight.</span>
</li>
<li class=""li2"" style=""margin:0px;font-size:17px;line-height:normal;"">
<span class=""s3"" style=""font-family:Menlo-Regular;font-size:12px;""></span><span class=""s4"" style=""font-family:UICTFontTextStyleBody;"">5-year guarantee on color fastness.</span>
</li>
</ul>
<p class=""p2"" style=""margin-bottom:0px;font-size:17px;line-height:normal;""><span class=""s4"" style=""font-family:UICTFontTextStyleBody;"">&nbsp;&nbsp;</span><span class=""s2"" style=""font-family:UICTFontTextStyleEmphasizedBody;font-weight:bold;"">SHIPPING</span></p>
<ul class=""ul1"" style=""""><li class=""li2"" style=""margin:0px;font-size:17px;line-height:normal;"">
<span class=""s3"" style=""font-family:Menlo-Regular;font-size:12px;""></span><span class=""s4"" style=""font-family:UICTFontTextStyleBody;"">Delivery within 2-3 weeks</span>
</li></ul>
<p class=""p3"" style=""margin-bottom:0px;font-size:17px;line-height:normal;""><span class=""s4"" style=""font-family:UICTFontTextStyleBody;""></span><br></p>
<p class=""p3"" style=""margin-bottom:0px;font-size:17px;line-height:normal;""><span class=""s4"" style=""font-family:UICTFontTextStyleBody;""></span><br></p>
<p class=""p3"" style=""margin-bottom:0px;font-size:17px;line-height:normal;""><span class=""s80"" style=""font-family:UICTFontTextStyleBody;""></span><br></p>
</div>",1575,https://bucket.zammit.shop/active-storage/59z4ox9lpwge8w2mlsa69n9cveic,https://bucket.zammit.shop/active-storage/59z4ox9lpwge8w2mlsa69n9cveic|https://bucket.zammit.shop/active-storage/e2epp1ghrj76cohupi0mlctf4hmn,#NAME?,,0.7 * 1.5 Cm|1 * 1.5 M|1.5 * 2 M|1.7 * 2.6 M|2 * 3 M|3 * 4 M,1575|2550|5100|7514|10200|20400
Ovo Cushion,"<div>
<p class=""p2"" style=""margin-bottom:0px;font-size:17px;line-height:normal;""><span class=""s2"" style=""font-family:UICTFontTextStyleEmphasizedBody;font-weight:bold;"">MATERIAL</span></p>
<ul class=""ul1"" style="""">
<li class=""li2"" style=""margin:0px;font-size:17px;line-height:normal;"">
<span class=""s3"" style=""font-family:Menlo-Regular;font-size:12px;""></span><span class=""s4"" style=""font-family:UICTFontTextStyleBody;"">100% Wool, hand-woven on a wool base.&nbsp;</span>
</li>
<li class=""li2"" style=""margin:0px;font-size:17px;line-height:normal;"">
<span class=""s3"" style=""font-family:Menlo-Regular;font-size:12px;""></span><span class=""s4"" style=""font-family:UICTFontTextStyleBody;"">All of Kilim Masr’s products are handcrafted, making each product unique. Slight variations and imperfections are embraced.&nbsp;</span>
</li>
</ul>
<p class=""p2"" style=""margin-bottom:0px;font-size:17px;line-height:normal;""><span class=""s4"" style=""font-family:UICTFontTextStyleBody;"">&nbsp;&nbsp;</span><span class=""s2"" style=""font-family:UICTFontTextStyleEmphasizedBody;font-weight:bold;"">CARE</span></p>
<ul class=""ul1"" style="""">
<li class=""li2"" style=""margin:0px;font-size:17px;line-height:normal;"">
<span class=""s3"" style=""font-family:Menlo-Regular;font-size:12px;""></span><span class=""s4"" style=""font-family:UICTFontTextStyleBody;"">Dry clean recommended or hand wash cold with non-bleach detergent.</span>
</li>
<li class=""li2"" style=""margin:0px;font-size:17px;line-height:normal;"">
<span class=""s3"" style=""font-family:Menlo-Regular;font-size:12px;""></span><span class=""s4"" style=""font-family:UICTFontTextStyleBody;"">For stains, scrub with gel detergent &amp; leave to air dry.</span>
</li>
<li class=""li2"" style=""margin:0px;font-size:17px;line-height:normal;"">
<span class=""s3"" style=""font-family:Menlo-Regular;font-size:12px;""></span><span class=""s4"" style=""font-family:UICTFontTextStyleBody;"">Do not use bleach, stain remover, or tumble dry.</span>
</li>
<li class=""li2"" style=""margin:0px;font-size:17px;line-height:normal;"">
<span class=""s3"" style=""font-family:Menlo-Regular;font-size:12px;""></span><span class=""s4"" style=""font-family:UICTFontTextStyleBody;"">Products are for indoor use, do not expose to direct sunlight.</span>
</li>
<li class=""li2"" style=""margin:0px;font-size:17px;line-height:normal;"">
<span class=""s3"" style=""font-family:Menlo-Regular;font-size:12px;""></span><span class=""s4"" style=""font-family:UICTFontTextStyleBody;"">5-year guarantee on color fastness.</span>
</li>
</ul>
<p class=""p2"" style=""margin-bottom:0px;font-size:17px;line-height:normal;""><span class=""s4"" style=""font-family:UICTFontTextStyleBody;"">&nbsp;&nbsp;</span><span class=""s2"" style=""font-family:UICTFontTextStyleEmphasizedBody;font-weight:bold;"">SHIPPING</span></p>
<ul class=""ul1"" style=""""><li class=""li2"" style=""margin:0px;font-size:17px;line-height:normal;"">
<span class=""s3"" style=""font-family:Menlo-Regular;font-size:12px;""></span><span class=""s4"" style=""font-family:UICTFontTextStyleBody;"">Delivery within 2-3 weeks</span>
</li></ul>
<p class=""p3"" style=""margin-bottom:0px;font-size:17px;line-height:normal;""><span class=""s4"" style=""font-family:UICTFontTextStyleBody;""></span><br></p>
<p class=""p3"" style=""margin-bottom:0px;font-size:17px;line-height:normal;""><span class=""s4"" style=""font-family:UICTFontTextStyleBody;""></span><br></p>
<p class=""p3"" style=""margin-bottom:0px;font-size:17px;line-height:normal;""><span class=""s81"" style=""font-family:UICTFontTextStyleBody;""></span><br></p>
</div>",700,https://bucket.zammit.shop/active-storage/qgc66po7btgm8x4v6oigjl3us98h,https://bucket.zammit.shop/active-storage/qgc66po7btgm8x4v6oigjl3us98h|https://bucket.zammit.shop/active-storage/sn1bqerekgcvj43db16y35ebycqn,Ovo-Cushion,,30 * 30 Cm Cover Only|30 * 30 Cm With Insert|40 * 40 Cm Cover Only|40 * 40 Cm With Insert|40 * 70 Cm Cover Only|40 * 70 Cm With Insert|70 * 70 Cm Cover Only|70 * 70 Cm With Insert,900|700|900|950|1000|1050|1350|1400
Scarab Studio Kilim Rug,"<div>
<p class=""p2"" style=""margin-bottom:0px;font-size:17px;line-height:normal;""><span class=""s2"" style=""font-family:UICTFontTextStyleEmphasizedBody;font-weight:bold;"">MATERIAL</span></p>
<ul class=""ul1"" style="""">
<li class=""li2"" style=""margin:0px;font-size:17px;line-height:normal;"">
<span class=""s3"" style=""font-family:Menlo-Regular;font-size:12px;""></span><span class=""s4"" style=""font-family:UICTFontTextStyleBody;"">100% Wool, hand-woven on a wool base.&nbsp;</span>
</li>
<li class=""li2"" style=""margin:0px;font-size:17px;line-height:normal;"">
<span class=""s3"" style=""font-family:Menlo-Regular;font-size:12px;""></span><span class=""s4"" style=""font-family:UICTFontTextStyleBody;"">All of Kilim Masr’s products are handcrafted, making each product unique. Slight variations and imperfections are embraced.&nbsp;</span>
</li>
</ul>
<p class=""p2"" style=""margin-bottom:0px;font-size:17px;line-height:normal;""><span class=""s4"" style=""font-family:UICTFontTextStyleBody;"">&nbsp;&nbsp;</span><span class=""s2"" style=""font-family:UICTFontTextStyleEmphasizedBody;font-weight:bold;"">CARE</span></p>
<ul class=""ul1"" style="""">
<li class=""li2"" style=""margin:0px;font-size:17px;line-height:normal;"">
<span class=""s3"" style=""font-family:Menlo-Regular;font-size:12px;""></span><span class=""s4"" style=""font-family:UICTFontTextStyleBody;"">Dry clean recommended or hand wash cold with non-bleach detergent.</span>
</li>
<li class=""li2"" style=""margin:0px;font-size:17px;line-height:normal;"">
<span class=""s3"" style=""font-family:Menlo-Regular;font-size:12px;""></span><span class=""s4"" style=""font-family:UICTFontTextStyleBody;"">For stains, scrub with gel detergent &amp; leave to air dry.</span>
</li>
<li class=""li2"" style=""margin:0px;font-size:17px;line-height:normal;"">
<span class=""s3"" style=""font-family:Menlo-Regular;font-size:12px;""></span><span class=""s4"" style=""font-family:UICTFontTextStyleBody;"">Do not use bleach, stain remover, or tumble dry.</span>
</li>
<li class=""li2"" style=""margin:0px;font-size:17px;line-height:normal;"">
<span class=""s3"" style=""font-family:Menlo-Regular;font-size:12px;""></span><span class=""s4"" style=""font-family:UICTFontTextStyleBody;"">Products are for indoor use, do not expose to direct sunlight.</span>
</li>
<li class=""li2"" style=""margin:0px;font-size:17px;line-height:normal;"">
<span class=""s3"" style=""font-family:Menlo-Regular;font-size:12px;""></span><span class=""s4"" style=""font-family:UICTFontTextStyleBody;"">5-year guarantee on color fastness.</span>
</li>
</ul>
<p class=""p2"" style=""margin-bottom:0px;font-size:17px;line-height:normal;""><span class=""s4"" style=""font-family:UICTFontTextStyleBody;"">&nbsp;&nbsp;</span><span class=""s2"" style=""font-family:UICTFontTextStyleEmphasizedBody;font-weight:bold;"">SHIPPING</span></p>
<ul class=""ul1"" style=""""><li class=""li2"" style=""margin:0px;font-size:17px;line-height:normal;"">
<span class=""s3"" style=""font-family:Menlo-Regular;font-size:12px;""></span><span class=""s4"" style=""font-family:UICTFontTextStyleBody;"">Delivery within 2-3 weeks</span>
</li></ul>
<p class=""p3"" style=""margin-bottom:0px;font-size:17px;line-height:normal;""><span class=""s4"" style=""font-family:UICTFontTextStyleBody;""></span><br></p>
<p class=""p3"" style=""margin-bottom:0px;font-size:17px;line-height:normal;""><span class=""s4"" style=""font-family:UICTFontTextStyleBody;""></span><br></p>
<p class=""p3"" style=""margin-bottom:0px;font-size:17px;line-height:normal;""><span class=""s82"" style=""font-family:UICTFontTextStyleBody;""></span><br></p>
</div>",1785,https://bucket.zammit.shop/active-storage/gm4if9an0j64hs1shdgk1my77c08,https://bucket.zammit.shop/active-storage/gm4if9an0j64hs1shdgk1my77c08|https://bucket.zammit.shop/active-storage/pc4uc97tsq06o6q9zy9glbi6p5os|https://bucket.zammit.shop/active-storage/yoqp613sfwj73qrdq6xqa93x5m43,Scarab-Studio-Kilim-Rug,,0.7 * 1.5 Cm|1 * 1.5 M|1.5 * 2 M|1.7 * 2.6 M|2 * 2.5 M|2 * 3 M|3 * 4 M,1785|2550|5100|7514|8500|10200|20400
Handora Kilim Rug,"<div>
<p class=""p2"" style=""margin-bottom:0px;font-size:17px;line-height:normal;""><span class=""s2"" style=""font-family:UICTFontTextStyleEmphasizedBody;font-weight:bold;"">MATERIAL</span></p>
<ul class=""ul1"" style="""">
<li class=""li2"" style=""margin:0px;font-size:17px;line-height:normal;"">
<span class=""s3"" style=""font-family:Menlo-Regular;font-size:12px;""></span><span class=""s4"" style=""font-family:UICTFontTextStyleBody;"">100% Wool, hand-woven on a wool base.&nbsp;</span>
</li>
<li class=""li2"" style=""margin:0px;font-size:17px;line-height:normal;"">
<span class=""s3"" style=""font-family:Menlo-Regular;font-size:12px;""></span><span class=""s4"" style=""font-family:UICTFontTextStyleBody;"">All of Kilim Masr’s products are handcrafted, making each product unique. Slight variations and imperfections are embraced.&nbsp;</span>
</li>
</ul>
<p class=""p2"" style=""margin-bottom:0px;font-size:17px;line-height:normal;""><span class=""s4"" style=""font-family:UICTFontTextStyleBody;"">&nbsp;&nbsp;</span><span class=""s2"" style=""font-family:UICTFontTextStyleEmphasizedBody;font-weight:bold;"">CARE</span></p>
<ul class=""ul1"" style="""">
<li class=""li2"" style=""margin:0px;font-size:17px;line-height:normal;"">
<span class=""s3"" style=""font-family:Menlo-Regular;font-size:12px;""></span><span class=""s4"" style=""font-family:UICTFontTextStyleBody;"">Dry clean recommended or hand wash cold with non-bleach detergent.</span>
</li>
<li class=""li2"" style=""margin:0px;font-size:17px;line-height:normal;"">
<span class=""s3"" style=""font-family:Menlo-Regular;font-size:12px;""></span><span class=""s4"" style=""font-family:UICTFontTextStyleBody;"">For stains, scrub with gel detergent &amp; leave to air dry.</span>
</li>
<li class=""li2"" style=""margin:0px;font-size:17px;line-height:normal;"">
<span class=""s3"" style=""font-family:Menlo-Regular;font-size:12px;""></span><span class=""s4"" style=""font-family:UICTFontTextStyleBody;"">Do not use bleach, stain remover, or tumble dry.</span>
</li>
<li class=""li2"" style=""margin:0px;font-size:17px;line-height:normal;"">
<span class=""s3"" style=""font-family:Menlo-Regular;font-size:12px;""></span><span class=""s4"" style=""font-family:UICTFontTextStyleBody;"">Products are for indoor use, do not expose to direct sunlight.</span>
</li>
<li class=""li2"" style=""margin:0px;font-size:17px;line-height:normal;"">
<span class=""s3"" style=""font-family:Menlo-Regular;font-size:12px;""></span><span class=""s4"" style=""font-family:UICTFontTextStyleBody;"">5-year guarantee on color fastness.</span>
</li>
</ul>
<p class=""p2"" style=""margin-bottom:0px;font-size:17px;line-height:normal;""><span class=""s4"" style=""font-family:UICTFontTextStyleBody;"">&nbsp;&nbsp;</span><span class=""s2"" style=""font-family:UICTFontTextStyleEmphasizedBody;font-weight:bold;"">SHIPPING</span></p>
<ul class=""ul1"" style=""""><li class=""li2"" style=""margin:0px;font-size:17px;line-height:normal;"">
<span class=""s3"" style=""font-family:Menlo-Regular;font-size:12px;""></span><span class=""s4"" style=""font-family:UICTFontTextStyleBody;"">Delivery within 2-3 weeks</span>
</li></ul>
<p class=""p3"" style=""margin-bottom:0px;font-size:17px;line-height:normal;""><span class=""s4"" style=""font-family:UICTFontTextStyleBody;""></span><br></p>
<p class=""p3"" style=""margin-bottom:0px;font-size:17px;line-height:normal;""><span class=""s4"" style=""font-family:UICTFontTextStyleBody;""></span><br></p>
<p class=""p3"" style=""margin-bottom:0px;font-size:17px;line-height:normal;""><span class=""s83"" style=""font-family:UICTFontTextStyleBody;""></span><br></p>
</div>",918,https://bucket.zammit.shop/active-storage/6msh9iio3g44sn3kgsocpm07l8r2,https://bucket.zammit.shop/active-storage/6msh9iio3g44sn3kgsocpm07l8r2|https://bucket.zammit.shop/active-storage/pmz7cry15fceqbl81rynae7ssrs5,Handora-Kilim-Rug,,90 * 60 Cm|0.7 * 1.5 Cm|1 * 1.5 M|1.5 * 2 M|1.7 * 2.6 M|2 * 3 M|3 * 4 M,918|1785|2550|5100|7514|10200|20400
Cacto Sagrado Kilim Rug,"<div>
<p class=""p2"" style=""margin-bottom:0px;font-size:17px;line-height:normal;""><span class=""s2"" style=""font-family:UICTFontTextStyleEmphasizedBody;font-weight:bold;"">MATERIAL</span></p>
<ul class=""ul1"" style="""">
<li class=""li2"" style=""margin:0px;font-size:17px;line-height:normal;"">
<span class=""s3"" style=""font-family:Menlo-Regular;font-size:12px;""></span><span class=""s4"" style=""font-family:UICTFontTextStyleBody;"">100% Wool, hand-woven on a wool base.&nbsp;</span>
</li>
<li class=""li2"" style=""margin:0px;font-size:17px;line-height:normal;"">
<span class=""s3"" style=""font-family:Menlo-Regular;font-size:12px;""></span><span class=""s4"" style=""font-family:UICTFontTextStyleBody;"">All of Kilim Masr’s products are handcrafted, making each product unique. Slight variations and imperfections are embraced.&nbsp;</span>
</li>
</ul>
<p class=""p2"" style=""margin-bottom:0px;font-size:17px;line-height:normal;""><span class=""s4"" style=""font-family:UICTFontTextStyleBody;"">&nbsp;&nbsp;</span><span class=""s2"" style=""font-family:UICTFontTextStyleEmphasizedBody;font-weight:bold;"">CARE</span></p>
<ul class=""ul1"" style="""">
<li class=""li2"" style=""margin:0px;font-size:17px;line-height:normal;"">
<span class=""s3"" style=""font-family:Menlo-Regular;font-size:12px;""></span><span class=""s4"" style=""font-family:UICTFontTextStyleBody;"">Dry clean recommended or hand wash cold with non-bleach detergent.</span>
</li>
<li class=""li2"" style=""margin:0px;font-size:17px;line-height:normal;"">
<span class=""s3"" style=""font-family:Menlo-Regular;font-size:12px;""></span><span class=""s4"" style=""font-family:UICTFontTextStyleBody;"">For stains, scrub with gel detergent &amp; leave to air dry.</span>
</li>
<li class=""li2"" style=""margin:0px;font-size:17px;line-height:normal;"">
<span class=""s3"" style=""font-family:Menlo-Regular;font-size:12px;""></span><span class=""s4"" style=""font-family:UICTFontTextStyleBody;"">Do not use bleach, stain remover, or tumble dry.</span>
</li>
<li class=""li2"" style=""margin:0px;font-size:17px;line-height:normal;"">
<span class=""s3"" style=""font-family:Menlo-Regular;font-size:12px;""></span><span class=""s4"" style=""font-family:UICTFontTextStyleBody;"">Products are for indoor use, do not expose to direct sunlight.</span>
</li>
<li class=""li2"" style=""margin:0px;font-size:17px;line-height:normal;"">
<span class=""s3"" style=""font-family:Menlo-Regular;font-size:12px;""></span><span class=""s4"" style=""font-family:UICTFontTextStyleBody;"">5-year guarantee on color fastness.</span>
</li>
</ul>
<p class=""p2"" style=""margin-bottom:0px;font-size:17px;line-height:normal;""><span class=""s4"" style=""font-family:UICTFontTextStyleBody;"">&nbsp;&nbsp;</span><span class=""s2"" style=""font-family:UICTFontTextStyleEmphasizedBody;font-weight:bold;"">SHIPPING</span></p>
<ul class=""ul1"" style=""""><li class=""li2"" style=""margin:0px;font-size:17px;line-height:normal;"">
<span class=""s3"" style=""font-family:Menlo-Regular;font-size:12px;""></span><span class=""s4"" style=""font-family:UICTFontTextStyleBody;"">Delivery within 2-3 weeks</span>
</li></ul>
<p class=""p3"" style=""margin-bottom:0px;font-size:17px;line-height:normal;""><span class=""s4"" style=""font-family:UICTFontTextStyleBody;""></span><br></p>
<p class=""p3"" style=""margin-bottom:0px;font-size:17px;line-height:normal;""><span class=""s4"" style=""font-family:UICTFontTextStyleBody;""></span><br></p>
<p class=""p3"" style=""margin-bottom:0px;font-size:17px;line-height:normal;""><span class=""s84"" style=""font-family:UICTFontTextStyleBody;""></span><br></p>
</div>",2700,https://bucket.zammit.shop/active-storage/5kaonzixbmkxziyr9inizlw584da,https://bucket.zammit.shop/active-storage/5kaonzixbmkxziyr9inizlw584da|https://bucket.zammit.shop/active-storage/m10i8dbbsnpj7x7q1o10gmgilkuu,Cacto-Sagrado-Kilim-Rug,,1 * 1.5 M|1.5 * 2 M|1.7 * 2.6 M|2 * 2.5 M|2 * 3 M|3 * 4 M,2700|5400|7956|9000|10800|21600
Amara Kilim Rug,"<div>
<p class=""p2"" style=""margin-bottom:0px;font-size:17px;line-height:normal;""><span class=""s2"" style=""font-family:UICTFontTextStyleEmphasizedBody;font-weight:bold;"">MATERIAL</span></p>
<ul class=""ul1"" style="""">
<li class=""li2"" style=""margin:0px;font-size:17px;line-height:normal;"">
<span class=""s3"" style=""font-family:Menlo-Regular;font-size:12px;""></span><span class=""s4"" style=""font-family:UICTFontTextStyleBody;"">100% Wool, hand-woven on a wool base.&nbsp;</span>
</li>
<li class=""li2"" style=""margin:0px;font-size:17px;line-height:normal;"">
<span class=""s3"" style=""font-family:Menlo-Regular;font-size:12px;""></span><span class=""s4"" style=""font-family:UICTFontTextStyleBody;"">All of Kilim Masr’s products are handcrafted, making each product unique. Slight variations and imperfections are embraced.&nbsp;</span>
</li>
</ul>
<p class=""p2"" style=""margin-bottom:0px;font-size:17px;line-height:normal;""><span class=""s4"" style=""font-family:UICTFontTextStyleBody;"">&nbsp;&nbsp;</span><span class=""s2"" style=""font-family:UICTFontTextStyleEmphasizedBody;font-weight:bold;"">CARE</span></p>
<ul class=""ul1"" style="""">
<li class=""li2"" style=""margin:0px;font-size:17px;line-height:normal;"">
<span class=""s3"" style=""font-family:Menlo-Regular;font-size:12px;""></span><span class=""s4"" style=""font-family:UICTFontTextStyleBody;"">Dry clean recommended or hand wash cold with non-bleach detergent.</span>
</li>
<li class=""li2"" style=""margin:0px;font-size:17px;line-height:normal;"">
<span class=""s3"" style=""font-family:Menlo-Regular;font-size:12px;""></span><span class=""s4"" style=""font-family:UICTFontTextStyleBody;"">For stains, scrub with gel detergent &amp; leave to air dry.</span>
</li>
<li class=""li2"" style=""margin:0px;font-size:17px;line-height:normal;"">
<span class=""s3"" style=""font-family:Menlo-Regular;font-size:12px;""></span><span class=""s4"" style=""font-family:UICTFontTextStyleBody;"">Do not use bleach, stain remover, or tumble dry.</span>
</li>
<li class=""li2"" style=""margin:0px;font-size:17px;line-height:normal;"">
<span class=""s3"" style=""font-family:Menlo-Regular;font-size:12px;""></span><span class=""s4"" style=""font-family:UICTFontTextStyleBody;"">Products are for indoor use, do not expose to direct sunlight.</span>
</li>
<li class=""li2"" style=""margin:0px;font-size:17px;line-height:normal;"">
<span class=""s3"" style=""font-family:Menlo-Regular;font-size:12px;""></span><span class=""s4"" style=""font-family:UICTFontTextStyleBody;"">5-year guarantee on color fastness.</span>
</li>
</ul>
<p class=""p2"" style=""margin-bottom:0px;font-size:17px;line-height:normal;""><span class=""s4"" style=""font-family:UICTFontTextStyleBody;"">&nbsp;&nbsp;</span><span class=""s2"" style=""font-family:UICTFontTextStyleEmphasizedBody;font-weight:bold;"">SHIPPING</span></p>
<ul class=""ul1"" style=""""><li class=""li2"" style=""margin:0px;font-size:17px;line-height:normal;"">
<span class=""s3"" style=""font-family:Menlo-Regular;font-size:12px;""></span><span class=""s4"" style=""font-family:UICTFontTextStyleBody;"">Delivery within 2-3 weeks</span>
</li></ul>
<p class=""p3"" style=""margin-bottom:0px;font-size:17px;line-height:normal;""><span class=""s4"" style=""font-family:UICTFontTextStyleBody;""></span><br></p>
<p class=""p3"" style=""margin-bottom:0px;font-size:17px;line-height:normal;""><span class=""s4"" style=""font-family:UICTFontTextStyleBody;""></span><br></p>
<p class=""p3"" style=""margin-bottom:0px;font-size:17px;line-height:normal;""><span class=""s85"" style=""font-family:UICTFontTextStyleBody;""></span><br></p>
</div>",3000,https://bucket.zammit.shop/active-storage/je68hgbtiftzze55e92exs284od3,https://bucket.zammit.shop/active-storage/je68hgbtiftzze55e92exs284od3|https://bucket.zammit.shop/active-storage/v1dis404m6d107gmxr72ynw1vnpb,Amara-Kilim-Rug,,1 * 1.5 M|1.5 * 2 M|1.7 * 2.6 M|2 * 2.5 M|2 * 3 M|3 * 4 M,3000|6000|8840|10000|12000|24000
Ondas Doradas Cushion,"<div>
<p class=""p2"" style=""margin-bottom:0px;font-size:17px;line-height:normal;""><span class=""s2"" style=""font-family:UICTFontTextStyleEmphasizedBody;font-weight:bold;"">MATERIAL</span></p>
<ul class=""ul1"" style="""">
<li class=""li2"" style=""margin:0px;font-size:17px;line-height:normal;"">
<span class=""s3"" style=""font-family:Menlo-Regular;font-size:12px;""></span><span class=""s4"" style=""font-family:UICTFontTextStyleBody;"">100% Wool, hand-woven on a wool base.&nbsp;</span>
</li>
<li class=""li2"" style=""margin:0px;font-size:17px;line-height:normal;"">
<span class=""s3"" style=""font-family:Menlo-Regular;font-size:12px;""></span><span class=""s4"" style=""font-family:UICTFontTextStyleBody;"">All of Kilim Masr’s products are handcrafted, making each product unique. Slight variations and imperfections are embraced.&nbsp;</span>
</li>
</ul>
<p class=""p2"" style=""margin-bottom:0px;font-size:17px;line-height:normal;""><span class=""s4"" style=""font-family:UICTFontTextStyleBody;"">&nbsp;&nbsp;</span><span class=""s2"" style=""font-family:UICTFontTextStyleEmphasizedBody;font-weight:bold;"">CARE</span></p>
<ul class=""ul1"" style="""">
<li class=""li2"" style=""margin:0px;font-size:17px;line-height:normal;"">
<span class=""s3"" style=""font-family:Menlo-Regular;font-size:12px;""></span><span class=""s4"" style=""font-family:UICTFontTextStyleBody;"">Dry clean recommended or hand wash cold with non-bleach detergent.</span>
</li>
<li class=""li2"" style=""margin:0px;font-size:17px;line-height:normal;"">
<span class=""s3"" style=""font-family:Menlo-Regular;font-size:12px;""></span><span class=""s4"" style=""font-family:UICTFontTextStyleBody;"">For stains, scrub with gel detergent &amp; leave to air dry.</span>
</li>
<li class=""li2"" style=""margin:0px;font-size:17px;line-height:normal;"">
<span class=""s3"" style=""font-family:Menlo-Regular;font-size:12px;""></span><span class=""s4"" style=""font-family:UICTFontTextStyleBody;"">Do not use bleach, stain remover, or tumble dry.</span>
</li>
<li class=""li2"" style=""margin:0px;font-size:17px;line-height:normal;"">
<span class=""s3"" style=""font-family:Menlo-Regular;font-size:12px;""></span><span class=""s4"" style=""font-family:UICTFontTextStyleBody;"">Products are for indoor use, do not expose to direct sunlight.</span>
</li>
<li class=""li2"" style=""margin:0px;font-size:17px;line-height:normal;"">
<span class=""s3"" style=""font-family:Menlo-Regular;font-size:12px;""></span><span class=""s4"" style=""font-family:UICTFontTextStyleBody;"">5-year guarantee on color fastness.</span>
</li>
</ul>
<p class=""p2"" style=""margin-bottom:0px;font-size:17px;line-height:normal;""><span class=""s4"" style=""font-family:UICTFontTextStyleBody;"">&nbsp;&nbsp;</span><span class=""s2"" style=""font-family:UICTFontTextStyleEmphasizedBody;font-weight:bold;"">SHIPPING</span></p>
<ul class=""ul1"" style=""""><li class=""li2"" style=""margin:0px;font-size:17px;line-height:normal;"">
<span class=""s3"" style=""font-family:Menlo-Regular;font-size:12px;""></span><span class=""s4"" style=""font-family:UICTFontTextStyleBody;"">Delivery within 2-3 weeks</span>
</li></ul>
<p class=""p3"" style=""margin-bottom:0px;font-size:17px;line-height:normal;""><span class=""s4"" style=""font-family:UICTFontTextStyleBody;""></span><br></p>
<p class=""p3"" style=""margin-bottom:0px;font-size:17px;line-height:normal;""><span class=""s4"" style=""font-family:UICTFontTextStyleBody;""></span><br></p>
<p class=""p3"" style=""margin-bottom:0px;font-size:17px;line-height:normal;""><span class=""s86"" style=""font-family:UICTFontTextStyleBody;""></span><br></p>
</div>",900,https://bucket.zammit.shop/active-storage/4zojv51s8wa0oou5dcjyluyj6nk3,https://bucket.zammit.shop/active-storage/4zojv51s8wa0oou5dcjyluyj6nk3|https://bucket.zammit.shop/active-storage/9qttabbdjlaf08y8whumed79ijpg|https://bucket.zammit.shop/active-storage/iwbwak7qsic59why32xldkdv776m,Ondas-Doradas-Cushion,,40 * 40 Cm Cover Only|40 * 40 Cm With Insert|40 * 70 Cm Cover Only|40 * 70 Cm With Insert|70 * 70 Cm Cover Only|70 * 70 Cm With Insert,900|950|1000|1050|1350|1400
Cairo Blocks Kilim Rugs,"<div>
<p class=""p2"" style=""margin-bottom:0px;font-size:17px;line-height:normal;""><span class=""s2"" style=""font-family:UICTFontTextStyleEmphasizedBody;font-weight:bold;"">MATERIAL</span></p>
<ul class=""ul1"" style="""">
<li class=""li2"" style=""margin:0px;font-size:17px;line-height:normal;"">
<span class=""s3"" style=""font-family:Menlo-Regular;font-size:12px;""></span><span class=""s4"" style=""font-family:UICTFontTextStyleBody;"">100% Wool, hand-woven on a wool base.&nbsp;</span>
</li>
<li class=""li2"" style=""margin:0px;font-size:17px;line-height:normal;"">
<span class=""s3"" style=""font-family:Menlo-Regular;font-size:12px;""></span><span class=""s4"" style=""font-family:UICTFontTextStyleBody;"">All of Kilim Masr’s products are handcrafted, making each product unique. Slight variations and imperfections are embraced.&nbsp;</span>
</li>
</ul>
<p class=""p2"" style=""margin-bottom:0px;font-size:17px;line-height:normal;""><span class=""s4"" style=""font-family:UICTFontTextStyleBody;"">&nbsp;&nbsp;</span><span class=""s2"" style=""font-family:UICTFontTextStyleEmphasizedBody;font-weight:bold;"">CARE</span></p>
<ul class=""ul1"" style="""">
<li class=""li2"" style=""margin:0px;font-size:17px;line-height:normal;"">
<span class=""s3"" style=""font-family:Menlo-Regular;font-size:12px;""></span><span class=""s4"" style=""font-family:UICTFontTextStyleBody;"">Dry clean recommended or hand wash cold with non-bleach detergent.</span>
</li>
<li class=""li2"" style=""margin:0px;font-size:17px;line-height:normal;"">
<span class=""s3"" style=""font-family:Menlo-Regular;font-size:12px;""></span><span class=""s4"" style=""font-family:UICTFontTextStyleBody;"">For stains, scrub with gel detergent &amp; leave to air dry.</span>
</li>
<li class=""li2"" style=""margin:0px;font-size:17px;line-height:normal;"">
<span class=""s3"" style=""font-family:Menlo-Regular;font-size:12px;""></span><span class=""s4"" style=""font-family:UICTFontTextStyleBody;"">Do not use bleach, stain remover, or tumble dry.</span>
</li>
<li class=""li2"" style=""margin:0px;font-size:17px;line-height:normal;"">
<span class=""s3"" style=""font-family:Menlo-Regular;font-size:12px;""></span><span class=""s4"" style=""font-family:UICTFontTextStyleBody;"">Products are for indoor use, do not expose to direct sunlight.</span>
</li>
<li class=""li2"" style=""margin:0px;font-size:17px;line-height:normal;"">
<span class=""s3"" style=""font-family:Menlo-Regular;font-size:12px;""></span><span class=""s4"" style=""font-family:UICTFontTextStyleBody;"">5-year guarantee on color fastness.</span>
</li>
</ul>
<p class=""p2"" style=""margin-bottom:0px;font-size:17px;line-height:normal;""><span class=""s4"" style=""font-family:UICTFontTextStyleBody;"">&nbsp;&nbsp;</span><span class=""s2"" style=""font-family:UICTFontTextStyleEmphasizedBody;font-weight:bold;"">SHIPPING</span></p>
<ul class=""ul1"" style=""""><li class=""li2"" style=""margin:0px;font-size:17px;line-height:normal;"">
<span class=""s3"" style=""font-family:Menlo-Regular;font-size:12px;""></span><span class=""s4"" style=""font-family:UICTFontTextStyleBody;"">Delivery within 2-3 weeks</span>
</li></ul>
<p class=""p3"" style=""margin-bottom:0px;font-size:17px;line-height:normal;""><span class=""s4"" style=""font-family:UICTFontTextStyleBody;""></span><br></p>
<p class=""p3"" style=""margin-bottom:0px;font-size:17px;line-height:normal;""><span class=""s4"" style=""font-family:UICTFontTextStyleBody;""></span><br></p>
<p class=""p3"" style=""margin-bottom:0px;font-size:17px;line-height:normal;""><span class=""s87"" style=""font-family:UICTFontTextStyleBody;""></span><br></p>
</div>",3750,https://bucket.zammit.shop/active-storage/n3ffd1myyc7yxs2zftpjxsqyegsy,https://bucket.zammit.shop/active-storage/n3ffd1myyc7yxs2zftpjxsqyegsy|https://bucket.zammit.shop/active-storage/xevzyi79vjizsphn8nk44c4cejse,Cairo-Blocks-Kilim-Rugs,,1 * 1.5 M|1.5 * 2 M|1.7 * 2.6 M|2 * 2.5 M|2 * 3 M|3 * 4 M,3750|7500|11050|12500|15000|30000
Bahya Corner Kilim Rug,"<div>
<p class=""p2"" style=""margin-bottom:0px;font-size:17px;line-height:normal;""><span class=""s2"" style=""font-family:UICTFontTextStyleEmphasizedBody;font-weight:bold;"">MATERIAL</span></p>
<ul class=""ul1"" style="""">
<li class=""li2"" style=""margin:0px;font-size:17px;line-height:normal;"">
<span class=""s3"" style=""font-family:Menlo-Regular;font-size:12px;""></span><span class=""s4"" style=""font-family:UICTFontTextStyleBody;"">100% Wool, hand-woven on a wool base.&nbsp;</span>
</li>
<li class=""li2"" style=""margin:0px;font-size:17px;line-height:normal;"">
<span class=""s3"" style=""font-family:Menlo-Regular;font-size:12px;""></span><span class=""s4"" style=""font-family:UICTFontTextStyleBody;"">All of Kilim Masr’s products are handcrafted, making each product unique. Slight variations and imperfections are embraced.&nbsp;</span>
</li>
</ul>
<p class=""p2"" style=""margin-bottom:0px;font-size:17px;line-height:normal;""><span class=""s4"" style=""font-family:UICTFontTextStyleBody;"">&nbsp;&nbsp;</span><span class=""s2"" style=""font-family:UICTFontTextStyleEmphasizedBody;font-weight:bold;"">CARE</span></p>
<ul class=""ul1"" style="""">
<li class=""li2"" style=""margin:0px;font-size:17px;line-height:normal;"">
<span class=""s3"" style=""font-family:Menlo-Regular;font-size:12px;""></span><span class=""s4"" style=""font-family:UICTFontTextStyleBody;"">Dry clean recommended or hand wash cold with non-bleach detergent.</span>
</li>
<li class=""li2"" style=""margin:0px;font-size:17px;line-height:normal;"">
<span class=""s3"" style=""font-family:Menlo-Regular;font-size:12px;""></span><span class=""s4"" style=""font-family:UICTFontTextStyleBody;"">For stains, scrub with gel detergent &amp; leave to air dry.</span>
</li>
<li class=""li2"" style=""margin:0px;font-size:17px;line-height:normal;"">
<span class=""s3"" style=""font-family:Menlo-Regular;font-size:12px;""></span><span class=""s4"" style=""font-family:UICTFontTextStyleBody;"">Do not use bleach, stain remover, or tumble dry.</span>
</li>
<li class=""li2"" style=""margin:0px;font-size:17px;line-height:normal;"">
<span class=""s3"" style=""font-family:Menlo-Regular;font-size:12px;""></span><span class=""s4"" style=""font-family:UICTFontTextStyleBody;"">Products are for indoor use, do not expose to direct sunlight.</span>
</li>
<li class=""li2"" style=""margin:0px;font-size:17px;line-height:normal;"">
<span class=""s3"" style=""font-family:Menlo-Regular;font-size:12px;""></span><span class=""s4"" style=""font-family:UICTFontTextStyleBody;"">5-year guarantee on color fastness.</span>
</li>
</ul>
<p class=""p2"" style=""margin-bottom:0px;font-size:17px;line-height:normal;""><span class=""s4"" style=""font-family:UICTFontTextStyleBody;"">&nbsp;&nbsp;</span><span class=""s2"" style=""font-family:UICTFontTextStyleEmphasizedBody;font-weight:bold;"">SHIPPING</span></p>
<ul class=""ul1"" style=""""><li class=""li2"" style=""margin:0px;font-size:17px;line-height:normal;"">
<span class=""s3"" style=""font-family:Menlo-Regular;font-size:12px;""></span><span class=""s4"" style=""font-family:UICTFontTextStyleBody;"">Delivery within 2-3 weeks</span>
</li></ul>
<p class=""p3"" style=""margin-bottom:0px;font-size:17px;line-height:normal;""><span class=""s4"" style=""font-family:UICTFontTextStyleBody;""></span><br></p>
<p class=""p3"" style=""margin-bottom:0px;font-size:17px;line-height:normal;""><span class=""s4"" style=""font-family:UICTFontTextStyleBody;""></span><br></p>
<p class=""p3"" style=""margin-bottom:0px;font-size:17px;line-height:normal;""><span class=""s88"" style=""font-family:UICTFontTextStyleBody;""></span><br></p>
</div>",1080,https://bucket.zammit.shop/active-storage/7oohv5qgl9vqnxadzjbcbntl1yyo,https://bucket.zammit.shop/active-storage/7oohv5qgl9vqnxadzjbcbntl1yyo|https://bucket.zammit.shop/active-storage/es0opx5wvrjeyk21d6ri9dfj00yv,Bahya-Corner-Kilim-Rug,,90 * 60 Cm|1 * 1.5 M|1.2 * 1.8 CM|1.5 * 2 M|1.7 * 2.6 M|2 * 3 M|3 * 4 M,1080|2850|4100|5700|8398|11400|22800
Zahmet El Qahira Kilim Rug,"<div>
<p class=""p2"" style=""margin-bottom:0px;font-size:17px;line-height:normal;""><span class=""s2"" style=""font-family:UICTFontTextStyleEmphasizedBody;font-weight:bold;"">MATERIAL</span></p>
<ul class=""ul1"" style="""">
<li class=""li2"" style=""margin:0px;font-size:17px;line-height:normal;"">
<span class=""s3"" style=""font-family:Menlo-Regular;font-size:12px;""></span><span class=""s4"" style=""font-family:UICTFontTextStyleBody;"">100% Wool, hand-woven on a wool base.&nbsp;</span>
</li>
<li class=""li2"" style=""margin:0px;font-size:17px;line-height:normal;"">
<span class=""s3"" style=""font-family:Menlo-Regular;font-size:12px;""></span><span class=""s4"" style=""font-family:UICTFontTextStyleBody;"">All of Kilim Masr’s products are handcrafted, making each product unique. Slight variations and imperfections are embraced.&nbsp;</span>
</li>
</ul>
<p class=""p2"" style=""margin-bottom:0px;font-size:17px;line-height:normal;""><span class=""s4"" style=""font-family:UICTFontTextStyleBody;"">&nbsp;&nbsp;</span><span class=""s2"" style=""font-family:UICTFontTextStyleEmphasizedBody;font-weight:bold;"">CARE</span></p>
<ul class=""ul1"" style="""">
<li class=""li2"" style=""margin:0px;font-size:17px;line-height:normal;"">
<span class=""s3"" style=""font-family:Menlo-Regular;font-size:12px;""></span><span class=""s4"" style=""font-family:UICTFontTextStyleBody;"">Dry clean recommended or hand wash cold with non-bleach detergent.</span>
</li>
<li class=""li2"" style=""margin:0px;font-size:17px;line-height:normal;"">
<span class=""s3"" style=""font-family:Menlo-Regular;font-size:12px;""></span><span class=""s4"" style=""font-family:UICTFontTextStyleBody;"">For stains, scrub with gel detergent &amp; leave to air dry.</span>
</li>
<li class=""li2"" style=""margin:0px;font-size:17px;line-height:normal;"">
<span class=""s3"" style=""font-family:Menlo-Regular;font-size:12px;""></span><span class=""s4"" style=""font-family:UICTFontTextStyleBody;"">Do not use bleach, stain remover, or tumble dry.</span>
</li>
<li class=""li2"" style=""margin:0px;font-size:17px;line-height:normal;"">
<span class=""s3"" style=""font-family:Menlo-Regular;font-size:12px;""></span><span class=""s4"" style=""font-family:UICTFontTextStyleBody;"">Products are for indoor use, do not expose to direct sunlight.</span>
</li>
<li class=""li2"" style=""margin:0px;font-size:17px;line-height:normal;"">
<span class=""s3"" style=""font-family:Menlo-Regular;font-size:12px;""></span><span class=""s4"" style=""font-family:UICTFontTextStyleBody;"">5-year guarantee on color fastness.</span>
</li>
</ul>
<p class=""p2"" style=""margin-bottom:0px;font-size:17px;line-height:normal;""><span class=""s4"" style=""font-family:UICTFontTextStyleBody;"">&nbsp;&nbsp;</span><span class=""s2"" style=""font-family:UICTFontTextStyleEmphasizedBody;font-weight:bold;"">SHIPPING</span></p>
<ul class=""ul1"" style=""""><li class=""li2"" style=""margin:0px;font-size:17px;line-height:normal;"">
<span class=""s3"" style=""font-family:Menlo-Regular;font-size:12px;""></span><span class=""s4"" style=""font-family:UICTFontTextStyleBody;"">Delivery within 2-3 weeks</span>
</li></ul>
<p class=""p3"" style=""margin-bottom:0px;font-size:17px;line-height:normal;""><span class=""s4"" style=""font-family:UICTFontTextStyleBody;""></span><br></p>
<p class=""p3"" style=""margin-bottom:0px;font-size:17px;line-height:normal;""><span class=""s4"" style=""font-family:UICTFontTextStyleBody;""></span><br></p>
<p class=""p3"" style=""margin-bottom:0px;font-size:17px;line-height:normal;""><span class=""s89"" style=""font-family:UICTFontTextStyleBody;""></span><br></p>
</div>",4500,https://bucket.zammit.shop/active-storage/eyrvvv8cgslus0rz8597l8218b8z,https://bucket.zammit.shop/active-storage/eyrvvv8cgslus0rz8597l8218b8z|https://bucket.zammit.shop/active-storage/rkxj4o09l7q22xz74nogyiouzm5e,Zahmet-El-Qahira-Kilim-Rug,,1 * 1.5 M|1.5 * 2 M|2 * 2.5 M|2 * 3 M|3 * 4 M,4500|9000|15000|18000|36000
Habibi Blue Cushion,"<div>
<p class=""p2"" style=""margin-bottom:0px;font-size:17px;line-height:normal;""><span class=""s2"" style=""font-family:UICTFontTextStyleEmphasizedBody;font-weight:bold;"">MATERIAL</span></p>
<ul class=""ul1"" style="""">
<li class=""li2"" style=""margin:0px;font-size:17px;line-height:normal;"">
<span class=""s3"" style=""font-family:Menlo-Regular;font-size:12px;""></span><span class=""s4"" style=""font-family:UICTFontTextStyleBody;"">100% Wool, hand-woven on a wool base.&nbsp;</span>
</li>
<li class=""li2"" style=""margin:0px;font-size:17px;line-height:normal;"">
<span class=""s3"" style=""font-family:Menlo-Regular;font-size:12px;""></span><span class=""s4"" style=""font-family:UICTFontTextStyleBody;"">All of Kilim Masr’s products are handcrafted, making each product unique. Slight variations and imperfections are embraced.&nbsp;</span>
</li>
</ul>
<p class=""p2"" style=""margin-bottom:0px;font-size:17px;line-height:normal;""><span class=""s4"" style=""font-family:UICTFontTextStyleBody;"">&nbsp;&nbsp;</span><span class=""s2"" style=""font-family:UICTFontTextStyleEmphasizedBody;font-weight:bold;"">CARE</span></p>
<ul class=""ul1"" style="""">
<li class=""li2"" style=""margin:0px;font-size:17px;line-height:normal;"">
<span class=""s3"" style=""font-family:Menlo-Regular;font-size:12px;""></span><span class=""s4"" style=""font-family:UICTFontTextStyleBody;"">Dry clean recommended or hand wash cold with non-bleach detergent.</span>
</li>
<li class=""li2"" style=""margin:0px;font-size:17px;line-height:normal;"">
<span class=""s3"" style=""font-family:Menlo-Regular;font-size:12px;""></span><span class=""s4"" style=""font-family:UICTFontTextStyleBody;"">For stains, scrub with gel detergent &amp; leave to air dry.</span>
</li>
<li class=""li2"" style=""margin:0px;font-size:17px;line-height:normal;"">
<span class=""s3"" style=""font-family:Menlo-Regular;font-size:12px;""></span><span class=""s4"" style=""font-family:UICTFontTextStyleBody;"">Do not use bleach, stain remover, or tumble dry.</span>
</li>
<li class=""li2"" style=""margin:0px;font-size:17px;line-height:normal;"">
<span class=""s3"" style=""font-family:Menlo-Regular;font-size:12px;""></span><span class=""s4"" style=""font-family:UICTFontTextStyleBody;"">Products are for indoor use, do not expose to direct sunlight.</span>
</li>
<li class=""li2"" style=""margin:0px;font-size:17px;line-height:normal;"">
<span class=""s3"" style=""font-family:Menlo-Regular;font-size:12px;""></span><span class=""s4"" style=""font-family:UICTFontTextStyleBody;"">5-year guarantee on color fastness.</span>
</li>
</ul>
<p class=""p2"" style=""margin-bottom:0px;font-size:17px;line-height:normal;""><span class=""s4"" style=""font-family:UICTFontTextStyleBody;"">&nbsp;&nbsp;</span><span class=""s2"" style=""font-family:UICTFontTextStyleEmphasizedBody;font-weight:bold;"">SHIPPING</span></p>
<ul class=""ul1"" style=""""><li class=""li2"" style=""margin:0px;font-size:17px;line-height:normal;"">
<span class=""s3"" style=""font-family:Menlo-Regular;font-size:12px;""></span><span class=""s4"" style=""font-family:UICTFontTextStyleBody;"">Delivery within 2-3 weeks</span>
</li></ul>
<p class=""p3"" style=""margin-bottom:0px;font-size:17px;line-height:normal;""><span class=""s4"" style=""font-family:UICTFontTextStyleBody;""></span><br></p>
<p class=""p3"" style=""margin-bottom:0px;font-size:17px;line-height:normal;""><span class=""s4"" style=""font-family:UICTFontTextStyleBody;""></span><br></p>
<p class=""p3"" style=""margin-bottom:0px;font-size:17px;line-height:normal;""><span class=""s90"" style=""font-family:UICTFontTextStyleBody;""></span><br></p>
</div>",900,https://bucket.zammit.shop/active-storage/4n1dyhpzazlbbz6dlisqupfvs4nj,https://bucket.zammit.shop/active-storage/4n1dyhpzazlbbz6dlisqupfvs4nj|https://bucket.zammit.shop/active-storage/fcjskkbf2ajdzfxtm188yljcdr2p,Habibi-Blue-Cushion,,40 * 40 Cm Cover Only|40 * 40 Cm With Insert|40 * 70 Cm Cover Only|40 * 70 Cm With Insert|70 * 70 Cm Cover Only|70 * 70 Cm With Insert,900|950|1000|1050|1350|1400
Luxor Pillars Kilim Rug,"<div>
<p class=""p2"" style=""margin-bottom:0px;font-size:17px;line-height:normal;""><span class=""s2"" style=""font-family:UICTFontTextStyleEmphasizedBody;font-weight:bold;"">MATERIAL</span></p>
<ul class=""ul1"" style="""">
<li class=""li2"" style=""margin:0px;font-size:17px;line-height:normal;"">
<span class=""s3"" style=""font-family:Menlo-Regular;font-size:12px;""></span><span class=""s4"" style=""font-family:UICTFontTextStyleBody;"">100% Wool, hand-woven on a wool base.&nbsp;</span>
</li>
<li class=""li2"" style=""margin:0px;font-size:17px;line-height:normal;"">
<span class=""s3"" style=""font-family:Menlo-Regular;font-size:12px;""></span><span class=""s4"" style=""font-family:UICTFontTextStyleBody;"">All of Kilim Masr’s products are handcrafted, making each product unique. Slight variations and imperfections are embraced.&nbsp;</span>
</li>
</ul>
<p class=""p2"" style=""margin-bottom:0px;font-size:17px;line-height:normal;""><span class=""s4"" style=""font-family:UICTFontTextStyleBody;"">&nbsp;&nbsp;</span><span class=""s2"" style=""font-family:UICTFontTextStyleEmphasizedBody;font-weight:bold;"">CARE</span></p>
<ul class=""ul1"" style="""">
<li class=""li2"" style=""margin:0px;font-size:17px;line-height:normal;"">
<span class=""s3"" style=""font-family:Menlo-Regular;font-size:12px;""></span><span class=""s4"" style=""font-family:UICTFontTextStyleBody;"">Dry clean recommended or hand wash cold with non-bleach detergent.</span>
</li>
<li class=""li2"" style=""margin:0px;font-size:17px;line-height:normal;"">
<span class=""s3"" style=""font-family:Menlo-Regular;font-size:12px;""></span><span class=""s4"" style=""font-family:UICTFontTextStyleBody;"">For stains, scrub with gel detergent &amp; leave to air dry.</span>
</li>
<li class=""li2"" style=""margin:0px;font-size:17px;line-height:normal;"">
<span class=""s3"" style=""font-family:Menlo-Regular;font-size:12px;""></span><span class=""s4"" style=""font-family:UICTFontTextStyleBody;"">Do not use bleach, stain remover, or tumble dry.</span>
</li>
<li class=""li2"" style=""margin:0px;font-size:17px;line-height:normal;"">
<span class=""s3"" style=""font-family:Menlo-Regular;font-size:12px;""></span><span class=""s4"" style=""font-family:UICTFontTextStyleBody;"">Products are for indoor use, do not expose to direct sunlight.</span>
</li>
<li class=""li2"" style=""margin:0px;font-size:17px;line-height:normal;"">
<span class=""s3"" style=""font-family:Menlo-Regular;font-size:12px;""></span><span class=""s4"" style=""font-family:UICTFontTextStyleBody;"">5-year guarantee on color fastness.</span>
</li>
</ul>
<p class=""p2"" style=""margin-bottom:0px;font-size:17px;line-height:normal;""><span class=""s4"" style=""font-family:UICTFontTextStyleBody;"">&nbsp;&nbsp;</span><span class=""s2"" style=""font-family:UICTFontTextStyleEmphasizedBody;font-weight:bold;"">SHIPPING</span></p>
<ul class=""ul1"" style=""""><li class=""li2"" style=""margin:0px;font-size:17px;line-height:normal;"">
<span class=""s3"" style=""font-family:Menlo-Regular;font-size:12px;""></span><span class=""s4"" style=""font-family:UICTFontTextStyleBody;"">Delivery within 2-3 weeks</span>
</li></ul>
<p class=""p3"" style=""margin-bottom:0px;font-size:17px;line-height:normal;""><span class=""s4"" style=""font-family:UICTFontTextStyleBody;""></span><br></p>
<p class=""p3"" style=""margin-bottom:0px;font-size:17px;line-height:normal;""><span class=""s4"" style=""font-family:UICTFontTextStyleBody;""></span><br></p>
<p class=""p3"" style=""margin-bottom:0px;font-size:17px;line-height:normal;""><span class=""s91"" style=""font-family:UICTFontTextStyleBody;""></span><br></p>
</div>",864,https://bucket.zammit.shop/active-storage/ivgzjkx6iocbp4h70wv6n6ttc8qz,https://bucket.zammit.shop/active-storage/ivgzjkx6iocbp4h70wv6n6ttc8qz|https://bucket.zammit.shop/active-storage/ta8ti711ne1jqq0jz64nynm8ldxg,Luxor-Pillars-Kilim-Rug,,90 * 60 Cm|0.7 * 1.5 Cm|1 * 1.5 M|1.2 * 1.8 CM|1.5 * 2 M|1.7 * 2.6 M|2 * 2.5 M|2 * 3 M|3 * 4 M,864|1575|2250|3240|4500|6630|7500|9000|18000
Alexandrian Azure Kilim Rug,"<div>
<p class=""p2"" style=""margin-bottom:0px;font-size:17px;line-height:normal;""><span class=""s2"" style=""font-family:UICTFontTextStyleEmphasizedBody;font-weight:bold;"">MATERIAL</span></p>
<ul class=""ul1"" style="""">
<li class=""li2"" style=""margin:0px;font-size:17px;line-height:normal;"">
<span class=""s3"" style=""font-family:Menlo-Regular;font-size:12px;""></span><span class=""s4"" style=""font-family:UICTFontTextStyleBody;"">100% Wool, hand-woven on a wool base.&nbsp;</span>
</li>
<li class=""li2"" style=""margin:0px;font-size:17px;line-height:normal;"">
<span class=""s3"" style=""font-family:Menlo-Regular;font-size:12px;""></span><span class=""s4"" style=""font-family:UICTFontTextStyleBody;"">All of Kilim Masr’s products are handcrafted, making each product unique. Slight variations and imperfections are embraced.&nbsp;</span>
</li>
</ul>
<p class=""p2"" style=""margin-bottom:0px;font-size:17px;line-height:normal;""><span class=""s4"" style=""font-family:UICTFontTextStyleBody;"">&nbsp;&nbsp;</span><span class=""s2"" style=""font-family:UICTFontTextStyleEmphasizedBody;font-weight:bold;"">CARE</span></p>
<ul class=""ul1"" style="""">
<li class=""li2"" style=""margin:0px;font-size:17px;line-height:normal;"">
<span class=""s3"" style=""font-family:Menlo-Regular;font-size:12px;""></span><span class=""s4"" style=""font-family:UICTFontTextStyleBody;"">Dry clean recommended or hand wash cold with non-bleach detergent.</span>
</li>
<li class=""li2"" style=""margin:0px;font-size:17px;line-height:normal;"">
<span class=""s3"" style=""font-family:Menlo-Regular;font-size:12px;""></span><span class=""s4"" style=""font-family:UICTFontTextStyleBody;"">For stains, scrub with gel detergent &amp; leave to air dry.</span>
</li>
<li class=""li2"" style=""margin:0px;font-size:17px;line-height:normal;"">
<span class=""s3"" style=""font-family:Menlo-Regular;font-size:12px;""></span><span class=""s4"" style=""font-family:UICTFontTextStyleBody;"">Do not use bleach, stain remover, or tumble dry.</span>
</li>
<li class=""li2"" style=""margin:0px;font-size:17px;line-height:normal;"">
<span class=""s3"" style=""font-family:Menlo-Regular;font-size:12px;""></span><span class=""s4"" style=""font-family:UICTFontTextStyleBody;"">Products are for indoor use, do not expose to direct sunlight.</span>
</li>
<li class=""li2"" style=""margin:0px;font-size:17px;line-height:normal;"">
<span class=""s3"" style=""font-family:Menlo-Regular;font-size:12px;""></span><span class=""s4"" style=""font-family:UICTFontTextStyleBody;"">5-year guarantee on color fastness.</span>
</li>
</ul>
<p class=""p2"" style=""margin-bottom:0px;font-size:17px;line-height:normal;""><span class=""s4"" style=""font-family:UICTFontTextStyleBody;"">&nbsp;&nbsp;</span><span class=""s2"" style=""font-family:UICTFontTextStyleEmphasizedBody;font-weight:bold;"">SHIPPING</span></p>
<ul class=""ul1"" style=""""><li class=""li2"" style=""margin:0px;font-size:17px;line-height:normal;"">
<span class=""s3"" style=""font-family:Menlo-Regular;font-size:12px;""></span><span class=""s4"" style=""font-family:UICTFontTextStyleBody;"">Delivery within 2-3 weeks</span>
</li></ul>
<p class=""p3"" style=""margin-bottom:0px;font-size:17px;line-height:normal;""><span class=""s4"" style=""font-family:UICTFontTextStyleBody;""></span><br></p>
<p class=""p3"" style=""margin-bottom:0px;font-size:17px;line-height:normal;""><span class=""s4"" style=""font-family:UICTFontTextStyleBody;""></span><br></p>
<p class=""p3"" style=""margin-bottom:0px;font-size:17px;line-height:normal;""><span class=""s92"" style=""font-family:UICTFontTextStyleBody;""></span><br></p>
</div>",864,https://bucket.zammit.shop/active-storage/3e68zw0w7elrz4uh9vru7733jznf,https://bucket.zammit.shop/active-storage/3e68zw0w7elrz4uh9vru7733jznf|https://bucket.zammit.shop/active-storage/g04aznteaxau6wyuor7p5zikwqpn|https://bucket.zammit.shop/active-storage/xt9fvf9jyastmphpene5d3es98ho,Alexandrian-Azure-Kilim-Rug,,90 * 60 Cm|0.7 * 1.5 Cm|1 * 1.5 M|1.2 * 1.8 CM|1.5 * 2 M|1.7 * 2.6 M|2 * 2.5 M|2 * 3 M|3 * 4 M,864|1575|2250|3240|4500|6630|7500|9000|18000
Timeless Terracotta Kilim Rug,"<div>
<p class=""p2"" style=""margin-bottom:0px;font-size:17px;line-height:normal;""><span class=""s2"" style=""font-family:UICTFontTextStyleEmphasizedBody;font-weight:bold;"">MATERIAL</span></p>
<ul class=""ul1"" style="""">
<li class=""li2"" style=""margin:0px;font-size:17px;line-height:normal;"">
<span class=""s3"" style=""font-family:Menlo-Regular;font-size:12px;""></span><span class=""s4"" style=""font-family:UICTFontTextStyleBody;"">100% Wool, hand-woven on a wool base.&nbsp;</span>
</li>
<li class=""li2"" style=""margin:0px;font-size:17px;line-height:normal;"">
<span class=""s3"" style=""font-family:Menlo-Regular;font-size:12px;""></span><span class=""s4"" style=""font-family:UICTFontTextStyleBody;"">All of Kilim Masr’s products are handcrafted, making each product unique. Slight variations and imperfections are embraced.&nbsp;</span>
</li>
</ul>
<p class=""p2"" style=""margin-bottom:0px;font-size:17px;line-height:normal;""><span class=""s4"" style=""font-family:UICTFontTextStyleBody;"">&nbsp;&nbsp;</span><span class=""s2"" style=""font-family:UICTFontTextStyleEmphasizedBody;font-weight:bold;"">CARE</span></p>
<ul class=""ul1"" style="""">
<li class=""li2"" style=""margin:0px;font-size:17px;line-height:normal;"">
<span class=""s3"" style=""font-family:Menlo-Regular;font-size:12px;""></span><span class=""s4"" style=""font-family:UICTFontTextStyleBody;"">Dry clean recommended or hand wash cold with non-bleach detergent.</span>
</li>
<li class=""li2"" style=""margin:0px;font-size:17px;line-height:normal;"">
<span class=""s3"" style=""font-family:Menlo-Regular;font-size:12px;""></span><span class=""s4"" style=""font-family:UICTFontTextStyleBody;"">For stains, scrub with gel detergent &amp; leave to air dry.</span>
</li>
<li class=""li2"" style=""margin:0px;font-size:17px;line-height:normal;"">
<span class=""s3"" style=""font-family:Menlo-Regular;font-size:12px;""></span><span class=""s4"" style=""font-family:UICTFontTextStyleBody;"">Do not use bleach, stain remover, or tumble dry.</span>
</li>
<li class=""li2"" style=""margin:0px;font-size:17px;line-height:normal;"">
<span class=""s3"" style=""font-family:Menlo-Regular;font-size:12px;""></span><span class=""s4"" style=""font-family:UICTFontTextStyleBody;"">Products are for indoor use, do not expose to direct sunlight.</span>
</li>
<li class=""li2"" style=""margin:0px;font-size:17px;line-height:normal;"">
<span class=""s3"" style=""font-family:Menlo-Regular;font-size:12px;""></span><span class=""s4"" style=""font-family:UICTFontTextStyleBody;"">5-year guarantee on color fastness.</span>
</li>
</ul>
<p class=""p2"" style=""margin-bottom:0px;font-size:17px;line-height:normal;""><span class=""s4"" style=""font-family:UICTFontTextStyleBody;"">&nbsp;&nbsp;</span><span class=""s2"" style=""font-family:UICTFontTextStyleEmphasizedBody;font-weight:bold;"">SHIPPING</span></p>
<ul class=""ul1"" style=""""><li class=""li2"" style=""margin:0px;font-size:17px;line-height:normal;"">
<span class=""s3"" style=""font-family:Menlo-Regular;font-size:12px;""></span><span class=""s4"" style=""font-family:UICTFontTextStyleBody;"">Delivery within 2-3 weeks</span>
</li></ul>
<p class=""p3"" style=""margin-bottom:0px;font-size:17px;line-height:normal;""><span class=""s4"" style=""font-family:UICTFontTextStyleBody;""></span><br></p>
<p class=""p3"" style=""margin-bottom:0px;font-size:17px;line-height:normal;""><span class=""s4"" style=""font-family:UICTFontTextStyleBody;""></span><br></p>
<p class=""p3"" style=""margin-bottom:0px;font-size:17px;line-height:normal;""><span class=""s93"" style=""font-family:UICTFontTextStyleBody;""></span><br></p>
</div>",1575,https://bucket.zammit.shop/active-storage/6n5i497u2qm2rsmzb3aslf8j4tel,https://bucket.zammit.shop/active-storage/6n5i497u2qm2rsmzb3aslf8j4tel|https://bucket.zammit.shop/active-storage/b2a16zne1j0eph29zwbyu738eqvf,Timeless-Terracotta-Kilim-Rug,,0.7 * 1.5 Cm|1 * 1.5 M|1.5 * 2 M|1.7 * 2.6 M|2 * 3 M|3 * 4 M,1575|2250|4500|6630|9000|18000
Savonnerie Kilim Rug,"<div>
<p class=""p2"" style=""margin-bottom:0px;font-size:17px;line-height:normal;""><span class=""s2"" style=""font-family:UICTFontTextStyleEmphasizedBody;font-weight:bold;"">MATERIAL</span></p>
<ul class=""ul1"" style="""">
<li class=""li2"" style=""margin:0px;font-size:17px;line-height:normal;"">
<span class=""s3"" style=""font-family:Menlo-Regular;font-size:12px;""></span><span class=""s4"" style=""font-family:UICTFontTextStyleBody;"">100% Wool, hand-woven on a wool base.&nbsp;</span>
</li>
<li class=""li2"" style=""margin:0px;font-size:17px;line-height:normal;"">
<span class=""s3"" style=""font-family:Menlo-Regular;font-size:12px;""></span><span class=""s4"" style=""font-family:UICTFontTextStyleBody;"">All of Kilim Masr’s products are handcrafted, making each product unique. Slight variations and imperfections are embraced.&nbsp;</span>
</li>
</ul>
<p class=""p2"" style=""margin-bottom:0px;font-size:17px;line-height:normal;""><span class=""s4"" style=""font-family:UICTFontTextStyleBody;"">&nbsp;&nbsp;</span><span class=""s2"" style=""font-family:UICTFontTextStyleEmphasizedBody;font-weight:bold;"">CARE</span></p>
<ul class=""ul1"" style="""">
<li class=""li2"" style=""margin:0px;font-size:17px;line-height:normal;"">
<span class=""s3"" style=""font-family:Menlo-Regular;font-size:12px;""></span><span class=""s4"" style=""font-family:UICTFontTextStyleBody;"">Dry clean recommended or hand wash cold with non-bleach detergent.</span>
</li>
<li class=""li2"" style=""margin:0px;font-size:17px;line-height:normal;"">
<span class=""s3"" style=""font-family:Menlo-Regular;font-size:12px;""></span><span class=""s4"" style=""font-family:UICTFontTextStyleBody;"">For stains, scrub with gel detergent &amp; leave to air dry.</span>
</li>
<li class=""li2"" style=""margin:0px;font-size:17px;line-height:normal;"">
<span class=""s3"" style=""font-family:Menlo-Regular;font-size:12px;""></span><span class=""s4"" style=""font-family:UICTFontTextStyleBody;"">Do not use bleach, stain remover, or tumble dry.</span>
</li>
<li class=""li2"" style=""margin:0px;font-size:17px;line-height:normal;"">
<span class=""s3"" style=""font-family:Menlo-Regular;font-size:12px;""></span><span class=""s4"" style=""font-family:UICTFontTextStyleBody;"">Products are for indoor use, do not expose to direct sunlight.</span>
</li>
<li class=""li2"" style=""margin:0px;font-size:17px;line-height:normal;"">
<span class=""s3"" style=""font-family:Menlo-Regular;font-size:12px;""></span><span class=""s4"" style=""font-family:UICTFontTextStyleBody;"">5-year guarantee on color fastness.</span>
</li>
</ul>
<p class=""p2"" style=""margin-bottom:0px;font-size:17px;line-height:normal;""><span class=""s4"" style=""font-family:UICTFontTextStyleBody;"">&nbsp;&nbsp;</span><span class=""s2"" style=""font-family:UICTFontTextStyleEmphasizedBody;font-weight:bold;"">SHIPPING</span></p>
<ul class=""ul1"" style=""""><li class=""li2"" style=""margin:0px;font-size:17px;line-height:normal;"">
<span class=""s3"" style=""font-family:Menlo-Regular;font-size:12px;""></span><span class=""s4"" style=""font-family:UICTFontTextStyleBody;"">Delivery within 2-3 weeks</span>
</li></ul>
<p class=""p3"" style=""margin-bottom:0px;font-size:17px;line-height:normal;""><span class=""s4"" style=""font-family:UICTFontTextStyleBody;""></span><br></p>
<p class=""p3"" style=""margin-bottom:0px;font-size:17px;line-height:normal;""><span class=""s4"" style=""font-family:UICTFontTextStyleBody;""></span><br></p>
<p class=""p3"" style=""margin-bottom:0px;font-size:17px;line-height:normal;""><span class=""s94"" style=""font-family:UICTFontTextStyleBody;""></span><br></p>
</div>",864,https://bucket.zammit.shop/active-storage/a4kiv34hjv9xzkk288n9f3dmtm1l,https://bucket.zammit.shop/active-storage/a4kiv34hjv9xzkk288n9f3dmtm1l|https://bucket.zammit.shop/active-storage/c8klf43gkqijml3d47nhgwr3vv06|https://bucket.zammit.shop/active-storage/u5mnreaphgwbk27m6wwbrflkip89,Savonnerie-Kilim-Rug,,90 * 60 Cm|0.7 * 1.5 Cm|1 * 1.5 M|1.5 * 2 M|1.7 * 2.6 M|2 * 3 M|3 * 4 M,864|1575|2250|4500|6630|9000|18000
Imprial Kilim Rug,"<div>
<p class=""p2"" style=""margin-bottom:0px;font-size:17px;line-height:normal;""><span class=""s2"" style=""font-family:UICTFontTextStyleEmphasizedBody;font-weight:bold;"">MATERIAL</span></p>
<ul class=""ul1"" style="""">
<li class=""li2"" style=""margin:0px;font-size:17px;line-height:normal;"">
<span class=""s3"" style=""font-family:Menlo-Regular;font-size:12px;""></span><span class=""s4"" style=""font-family:UICTFontTextStyleBody;"">100% Wool, hand-woven on a wool base.&nbsp;</span>
</li>
<li class=""li2"" style=""margin:0px;font-size:17px;line-height:normal;"">
<span class=""s3"" style=""font-family:Menlo-Regular;font-size:12px;""></span><span class=""s4"" style=""font-family:UICTFontTextStyleBody;"">All of Kilim Masr’s products are handcrafted, making each product unique. Slight variations and imperfections are embraced.&nbsp;</span>
</li>
</ul>
<p class=""p2"" style=""margin-bottom:0px;font-size:17px;line-height:normal;""><span class=""s4"" style=""font-family:UICTFontTextStyleBody;"">&nbsp;&nbsp;</span><span class=""s2"" style=""font-family:UICTFontTextStyleEmphasizedBody;font-weight:bold;"">CARE</span></p>
<ul class=""ul1"" style="""">
<li class=""li2"" style=""margin:0px;font-size:17px;line-height:normal;"">
<span class=""s3"" style=""font-family:Menlo-Regular;font-size:12px;""></span><span class=""s4"" style=""font-family:UICTFontTextStyleBody;"">Dry clean recommended or hand wash cold with non-bleach detergent.</span>
</li>
<li class=""li2"" style=""margin:0px;font-size:17px;line-height:normal;"">
<span class=""s3"" style=""font-family:Menlo-Regular;font-size:12px;""></span><span class=""s4"" style=""font-family:UICTFontTextStyleBody;"">For stains, scrub with gel detergent &amp; leave to air dry.</span>
</li>
<li class=""li2"" style=""margin:0px;font-size:17px;line-height:normal;"">
<span class=""s3"" style=""font-family:Menlo-Regular;font-size:12px;""></span><span class=""s4"" style=""font-family:UICTFontTextStyleBody;"">Do not use bleach, stain remover, or tumble dry.</span>
</li>
<li class=""li2"" style=""margin:0px;font-size:17px;line-height:normal;"">
<span class=""s3"" style=""font-family:Menlo-Regular;font-size:12px;""></span><span class=""s4"" style=""font-family:UICTFontTextStyleBody;"">Products are for indoor use, do not expose to direct sunlight.</span>
</li>
<li class=""li2"" style=""margin:0px;font-size:17px;line-height:normal;"">
<span class=""s3"" style=""font-family:Menlo-Regular;font-size:12px;""></span><span class=""s4"" style=""font-family:UICTFontTextStyleBody;"">5-year guarantee on color fastness.</span>
</li>
</ul>
<p class=""p2"" style=""margin-bottom:0px;font-size:17px;line-height:normal;""><span class=""s4"" style=""font-family:UICTFontTextStyleBody;"">&nbsp;&nbsp;</span><span class=""s2"" style=""font-family:UICTFontTextStyleEmphasizedBody;font-weight:bold;"">SHIPPING</span></p>
<ul class=""ul1"" style=""""><li class=""li2"" style=""margin:0px;font-size:17px;line-height:normal;"">
<span class=""s3"" style=""font-family:Menlo-Regular;font-size:12px;""></span><span class=""s4"" style=""font-family:UICTFontTextStyleBody;"">Delivery within 2-3 weeks</span>
</li></ul>
<p class=""p3"" style=""margin-bottom:0px;font-size:17px;line-height:normal;""><span class=""s4"" style=""font-family:UICTFontTextStyleBody;""></span><br></p>
<p class=""p3"" style=""margin-bottom:0px;font-size:17px;line-height:normal;""><span class=""s4"" style=""font-family:UICTFontTextStyleBody;""></span><br></p>
<p class=""p3"" style=""margin-bottom:0px;font-size:17px;line-height:normal;""><span class=""s95"" style=""font-family:UICTFontTextStyleBody;""></span><br></p>
</div>",864,https://bucket.zammit.shop/active-storage/me5uh8dvr8xk5nq4qgp2gydwua0n,https://bucket.zammit.shop/active-storage/me5uh8dvr8xk5nq4qgp2gydwua0n|https://bucket.zammit.shop/active-storage/xw6owgrmpju0djzr6evrsd1il6eu|https://bucket.zammit.shop/active-storage/zmiu3sqdzvq3u5ffeo7knqjl0psn,Imprial-Kilim-Rug,,90 * 60 Cm|0.7 * 1.5 Cm|1 * 1.5 M|1.5 * 2 M|1.7 * 2.6 M|2 * 3 M|3 * 4 M,864|1575|2250|4500|6630|9000|18000
Home Alone Kilim Rug,"<div>
<p class=""p2"" style=""margin-bottom:0px;font-size:17px;line-height:normal;""><span class=""s2"" style=""font-family:UICTFontTextStyleEmphasizedBody;font-weight:bold;"">MATERIAL</span></p>
<ul class=""ul1"" style="""">
<li class=""li2"" style=""margin:0px;font-size:17px;line-height:normal;"">
<span class=""s3"" style=""font-family:Menlo-Regular;font-size:12px;""></span><span class=""s4"" style=""font-family:UICTFontTextStyleBody;"">100% Wool, hand-woven on a wool base.&nbsp;</span>
</li>
<li class=""li2"" style=""margin:0px;font-size:17px;line-height:normal;"">
<span class=""s3"" style=""font-family:Menlo-Regular;font-size:12px;""></span><span class=""s4"" style=""font-family:UICTFontTextStyleBody;"">All of Kilim Masr’s products are handcrafted, making each product unique. Slight variations and imperfections are embraced.&nbsp;</span>
</li>
</ul>
<p class=""p2"" style=""margin-bottom:0px;font-size:17px;line-height:normal;""><span class=""s4"" style=""font-family:UICTFontTextStyleBody;"">&nbsp;&nbsp;</span><span class=""s2"" style=""font-family:UICTFontTextStyleEmphasizedBody;font-weight:bold;"">CARE</span></p>
<ul class=""ul1"" style="""">
<li class=""li2"" style=""margin:0px;font-size:17px;line-height:normal;"">
<span class=""s3"" style=""font-family:Menlo-Regular;font-size:12px;""></span><span class=""s4"" style=""font-family:UICTFontTextStyleBody;"">Dry clean recommended or hand wash cold with non-bleach detergent.</span>
</li>
<li class=""li2"" style=""margin:0px;font-size:17px;line-height:normal;"">
<span class=""s3"" style=""font-family:Menlo-Regular;font-size:12px;""></span><span class=""s4"" style=""font-family:UICTFontTextStyleBody;"">For stains, scrub with gel detergent &amp; leave to air dry.</span>
</li>
<li class=""li2"" style=""margin:0px;font-size:17px;line-height:normal;"">
<span class=""s3"" style=""font-family:Menlo-Regular;font-size:12px;""></span><span class=""s4"" style=""font-family:UICTFontTextStyleBody;"">Do not use bleach, stain remover, or tumble dry.</span>
</li>
<li class=""li2"" style=""margin:0px;font-size:17px;line-height:normal;"">
<span class=""s3"" style=""font-family:Menlo-Regular;font-size:12px;""></span><span class=""s4"" style=""font-family:UICTFontTextStyleBody;"">Products are for indoor use, do not expose to direct sunlight.</span>
</li>
<li class=""li2"" style=""margin:0px;font-size:17px;line-height:normal;"">
<span class=""s3"" style=""font-family:Menlo-Regular;font-size:12px;""></span><span class=""s4"" style=""font-family:UICTFontTextStyleBody;"">5-year guarantee on color fastness.</span>
</li>
</ul>
<p class=""p2"" style=""margin-bottom:0px;font-size:17px;line-height:normal;""><span class=""s4"" style=""font-family:UICTFontTextStyleBody;"">&nbsp;&nbsp;</span><span class=""s2"" style=""font-family:UICTFontTextStyleEmphasizedBody;font-weight:bold;"">SHIPPING</span></p>
<ul class=""ul1"" style=""""><li class=""li2"" style=""margin:0px;font-size:17px;line-height:normal;"">
<span class=""s3"" style=""font-family:Menlo-Regular;font-size:12px;""></span><span class=""s4"" style=""font-family:UICTFontTextStyleBody;"">Delivery within 2-3 weeks</span>
</li></ul>
<p class=""p3"" style=""margin-bottom:0px;font-size:17px;line-height:normal;""><span class=""s4"" style=""font-family:UICTFontTextStyleBody;""></span><br></p>
<p class=""p3"" style=""margin-bottom:0px;font-size:17px;line-height:normal;""><span class=""s4"" style=""font-family:UICTFontTextStyleBody;""></span><br></p>
<p class=""p3"" style=""margin-bottom:0px;font-size:17px;line-height:normal;""><span class=""s96"" style=""font-family:UICTFontTextStyleBody;""></span><br></p>
</div>",864,https://bucket.zammit.shop/active-storage/5j7qcrc53s09qz4su2elm32qnmx5,https://bucket.zammit.shop/active-storage/5j7qcrc53s09qz4su2elm32qnmx5|https://bucket.zammit.shop/active-storage/ckrlpu467xw00hi8eoytvlrc8z71,Home-Alone-Kilim-Rug,,90 * 60 Cm|0.7 * 1.5 Cm|1 * 1.5 M|1.2 * 1.8 CM|1.5 * 2 M|1.7 * 2.6 M|2 * 3 M|3 * 4 M,864|1575|2250|3240|4500|6630|9000|18000
Sini Mont Blue Kilim Rug,"<div>
<p class=""p2"" style=""margin-bottom:0px;font-size:17px;line-height:normal;""><span class=""s2"" style=""font-family:UICTFontTextStyleEmphasizedBody;font-weight:bold;"">MATERIAL</span></p>
<ul class=""ul1"" style="""">
<li class=""li2"" style=""margin:0px;font-size:17px;line-height:normal;"">
<span class=""s3"" style=""font-family:Menlo-Regular;font-size:12px;""></span><span class=""s4"" style=""font-family:UICTFontTextStyleBody;"">100% Wool, hand-woven on a wool base.&nbsp;</span>
</li>
<li class=""li2"" style=""margin:0px;font-size:17px;line-height:normal;"">
<span class=""s3"" style=""font-family:Menlo-Regular;font-size:12px;""></span><span class=""s4"" style=""font-family:UICTFontTextStyleBody;"">All of Kilim Masr’s products are handcrafted, making each product unique. Slight variations and imperfections are embraced.&nbsp;</span>
</li>
</ul>
<p class=""p2"" style=""margin-bottom:0px;font-size:17px;line-height:normal;""><span class=""s4"" style=""font-family:UICTFontTextStyleBody;"">&nbsp;&nbsp;</span><span class=""s2"" style=""font-family:UICTFontTextStyleEmphasizedBody;font-weight:bold;"">CARE</span></p>
<ul class=""ul1"" style="""">
<li class=""li2"" style=""margin:0px;font-size:17px;line-height:normal;"">
<span class=""s3"" style=""font-family:Menlo-Regular;font-size:12px;""></span><span class=""s4"" style=""font-family:UICTFontTextStyleBody;"">Dry clean recommended or hand wash cold with non-bleach detergent.</span>
</li>
<li class=""li2"" style=""margin:0px;font-size:17px;line-height:normal;"">
<span class=""s3"" style=""font-family:Menlo-Regular;font-size:12px;""></span><span class=""s4"" style=""font-family:UICTFontTextStyleBody;"">For stains, scrub with gel detergent &amp; leave to air dry.</span>
</li>
<li class=""li2"" style=""margin:0px;font-size:17px;line-height:normal;"">
<span class=""s3"" style=""font-family:Menlo-Regular;font-size:12px;""></span><span class=""s4"" style=""font-family:UICTFontTextStyleBody;"">Do not use bleach, stain remover, or tumble dry.</span>
</li>
<li class=""li2"" style=""margin:0px;font-size:17px;line-height:normal;"">
<span class=""s3"" style=""font-family:Menlo-Regular;font-size:12px;""></span><span class=""s4"" style=""font-family:UICTFontTextStyleBody;"">Products are for indoor use, do not expose to direct sunlight.</span>
</li>
<li class=""li2"" style=""margin:0px;font-size:17px;line-height:normal;"">
<span class=""s3"" style=""font-family:Menlo-Regular;font-size:12px;""></span><span class=""s4"" style=""font-family:UICTFontTextStyleBody;"">5-year guarantee on color fastness.</span>
</li>
</ul>
<p class=""p2"" style=""margin-bottom:0px;font-size:17px;line-height:normal;""><span class=""s4"" style=""font-family:UICTFontTextStyleBody;"">&nbsp;&nbsp;</span><span class=""s2"" style=""font-family:UICTFontTextStyleEmphasizedBody;font-weight:bold;"">SHIPPING</span></p>
<ul class=""ul1"" style=""""><li class=""li2"" style=""margin:0px;font-size:17px;line-height:normal;"">
<span class=""s3"" style=""font-family:Menlo-Regular;font-size:12px;""></span><span class=""s4"" style=""font-family:UICTFontTextStyleBody;"">Delivery within 2-3 weeks</span>
</li></ul>
<p class=""p3"" style=""margin-bottom:0px;font-size:17px;line-height:normal;""><span class=""s4"" style=""font-family:UICTFontTextStyleBody;""></span><br></p>
<p class=""p3"" style=""margin-bottom:0px;font-size:17px;line-height:normal;""><span class=""s4"" style=""font-family:UICTFontTextStyleBody;""></span><br></p>
<p class=""p3"" style=""margin-bottom:0px;font-size:17px;line-height:normal;""><span class=""s97"" style=""font-family:UICTFontTextStyleBody;""></span><br></p>
</div>",2250,https://bucket.zammit.shop/active-storage/htq25qd2abv5ltldzxd02teoxy78,https://bucket.zammit.shop/active-storage/htq25qd2abv5ltldzxd02teoxy78|https://bucket.zammit.shop/active-storage/intxg7sg4klrnb7duzq5130dpa0b,Sini-Mont-Blue-Kilim-Rug,,1 * 1.5 M|1.5 * 2 M|1.7 * 2.6 M|2 * 3 M|3 * 4 M,2250|4500|6630|9000|18000
Hurghada Kilim Rug,"<div>
<p class=""p2"" style=""margin-bottom:0px;font-size:17px;line-height:normal;""><span class=""s2"" style=""font-family:UICTFontTextStyleEmphasizedBody;font-weight:bold;"">MATERIAL</span></p>
<ul class=""ul1"" style="""">
<li class=""li2"" style=""margin:0px;font-size:17px;line-height:normal;"">
<span class=""s3"" style=""font-family:Menlo-Regular;font-size:12px;""></span><span class=""s4"" style=""font-family:UICTFontTextStyleBody;"">100% Wool, hand-woven on a wool base.&nbsp;</span>
</li>
<li class=""li2"" style=""margin:0px;font-size:17px;line-height:normal;"">
<span class=""s3"" style=""font-family:Menlo-Regular;font-size:12px;""></span><span class=""s4"" style=""font-family:UICTFontTextStyleBody;"">All of Kilim Masr’s products are handcrafted, making each product unique. Slight variations and imperfections are embraced.&nbsp;</span>
</li>
</ul>
<p class=""p2"" style=""margin-bottom:0px;font-size:17px;line-height:normal;""><span class=""s4"" style=""font-family:UICTFontTextStyleBody;"">&nbsp;&nbsp;</span><span class=""s2"" style=""font-family:UICTFontTextStyleEmphasizedBody;font-weight:bold;"">CARE</span></p>
<ul class=""ul1"" style="""">
<li class=""li2"" style=""margin:0px;font-size:17px;line-height:normal;"">
<span class=""s3"" style=""font-family:Menlo-Regular;font-size:12px;""></span><span class=""s4"" style=""font-family:UICTFontTextStyleBody;"">Dry clean recommended or hand wash cold with non-bleach detergent.</span>
</li>
<li class=""li2"" style=""margin:0px;font-size:17px;line-height:normal;"">
<span class=""s3"" style=""font-family:Menlo-Regular;font-size:12px;""></span><span class=""s4"" style=""font-family:UICTFontTextStyleBody;"">For stains, scrub with gel detergent &amp; leave to air dry.</span>
</li>
<li class=""li2"" style=""margin:0px;font-size:17px;line-height:normal;"">
<span class=""s3"" style=""font-family:Menlo-Regular;font-size:12px;""></span><span class=""s4"" style=""font-family:UICTFontTextStyleBody;"">Do not use bleach, stain remover, or tumble dry.</span>
</li>
<li class=""li2"" style=""margin:0px;font-size:17px;line-height:normal;"">
<span class=""s3"" style=""font-family:Menlo-Regular;font-size:12px;""></span><span class=""s4"" style=""font-family:UICTFontTextStyleBody;"">Products are for indoor use, do not expose to direct sunlight.</span>
</li>
<li class=""li2"" style=""margin:0px;font-size:17px;line-height:normal;"">
<span class=""s3"" style=""font-family:Menlo-Regular;font-size:12px;""></span><span class=""s4"" style=""font-family:UICTFontTextStyleBody;"">5-year guarantee on color fastness.</span>
</li>
</ul>
<p class=""p2"" style=""margin-bottom:0px;font-size:17px;line-height:normal;""><span class=""s4"" style=""font-family:UICTFontTextStyleBody;"">&nbsp;&nbsp;</span><span class=""s2"" style=""font-family:UICTFontTextStyleEmphasizedBody;font-weight:bold;"">SHIPPING</span></p>
<ul class=""ul1"" style=""""><li class=""li2"" style=""margin:0px;font-size:17px;line-height:normal;"">
<span class=""s3"" style=""font-family:Menlo-Regular;font-size:12px;""></span><span class=""s4"" style=""font-family:UICTFontTextStyleBody;"">Delivery within 2-3 weeks</span>
</li></ul>
<p class=""p3"" style=""margin-bottom:0px;font-size:17px;line-height:normal;""><span class=""s4"" style=""font-family:UICTFontTextStyleBody;""></span><br></p>
<p class=""p3"" style=""margin-bottom:0px;font-size:17px;line-height:normal;""><span class=""s4"" style=""font-family:UICTFontTextStyleBody;""></span><br></p>
<p class=""p3"" style=""margin-bottom:0px;font-size:17px;line-height:normal;""><span class=""s98"" style=""font-family:UICTFontTextStyleBody;""></span><br></p>
</div>",864,https://bucket.zammit.shop/active-storage/4ans394k5ge9anl3983e0fl8cpj1,https://bucket.zammit.shop/active-storage/4ans394k5ge9anl3983e0fl8cpj1|https://bucket.zammit.shop/active-storage/91rk3zzl9jj1il8kh9vvjddnaaen|https://bucket.zammit.shop/active-storage/q5j4lh3iqs8rkeiz8w3ikukwr6qs,Hurghada-Kilim-Rug,,90 * 60 Cm|0.7 * 1.5 Cm|1 * 1.5 M|1.2 * 1.8 CM|1.5 * 2 M|1.7 * 2.6 M|2 * 3 M|3 * 4 M,864|1890|2700|3888|5400|7956|10800|21600
African Ivory Kilim Rug,"<div>
<p class=""p2"" style=""margin-bottom:0px;font-size:17px;line-height:normal;""><span class=""s2"" style=""font-family:UICTFontTextStyleEmphasizedBody;font-weight:bold;"">MATERIAL</span></p>
<ul class=""ul1"" style="""">
<li class=""li2"" style=""margin:0px;font-size:17px;line-height:normal;"">
<span class=""s3"" style=""font-family:Menlo-Regular;font-size:12px;""></span><span class=""s4"" style=""font-family:UICTFontTextStyleBody;"">100% Wool, hand-woven on a wool base.&nbsp;</span>
</li>
<li class=""li2"" style=""margin:0px;font-size:17px;line-height:normal;"">
<span class=""s3"" style=""font-family:Menlo-Regular;font-size:12px;""></span><span class=""s4"" style=""font-family:UICTFontTextStyleBody;"">All of Kilim Masr’s products are handcrafted, making each product unique. Slight variations and imperfections are embraced.&nbsp;</span>
</li>
</ul>
<p class=""p2"" style=""margin-bottom:0px;font-size:17px;line-height:normal;""><span class=""s4"" style=""font-family:UICTFontTextStyleBody;"">&nbsp;&nbsp;</span><span class=""s2"" style=""font-family:UICTFontTextStyleEmphasizedBody;font-weight:bold;"">CARE</span></p>
<ul class=""ul1"" style="""">
<li class=""li2"" style=""margin:0px;font-size:17px;line-height:normal;"">
<span class=""s3"" style=""font-family:Menlo-Regular;font-size:12px;""></span><span class=""s4"" style=""font-family:UICTFontTextStyleBody;"">Dry clean recommended or hand wash cold with non-bleach detergent.</span>
</li>
<li class=""li2"" style=""margin:0px;font-size:17px;line-height:normal;"">
<span class=""s3"" style=""font-family:Menlo-Regular;font-size:12px;""></span><span class=""s4"" style=""font-family:UICTFontTextStyleBody;"">For stains, scrub with gel detergent &amp; leave to air dry.</span>
</li>
<li class=""li2"" style=""margin:0px;font-size:17px;line-height:normal;"">
<span class=""s3"" style=""font-family:Menlo-Regular;font-size:12px;""></span><span class=""s4"" style=""font-family:UICTFontTextStyleBody;"">Do not use bleach, stain remover, or tumble dry.</span>
</li>
<li class=""li2"" style=""margin:0px;font-size:17px;line-height:normal;"">
<span class=""s3"" style=""font-family:Menlo-Regular;font-size:12px;""></span><span class=""s4"" style=""font-family:UICTFontTextStyleBody;"">Products are for indoor use, do not expose to direct sunlight.</span>
</li>
<li class=""li2"" style=""margin:0px;font-size:17px;line-height:normal;"">
<span class=""s3"" style=""font-family:Menlo-Regular;font-size:12px;""></span><span class=""s4"" style=""font-family:UICTFontTextStyleBody;"">5-year guarantee on color fastness.</span>
</li>
</ul>
<p class=""p2"" style=""margin-bottom:0px;font-size:17px;line-height:normal;""><span class=""s4"" style=""font-family:UICTFontTextStyleBody;"">&nbsp;&nbsp;</span><span class=""s2"" style=""font-family:UICTFontTextStyleEmphasizedBody;font-weight:bold;"">SHIPPING</span></p>
<ul class=""ul1"" style=""""><li class=""li2"" style=""margin:0px;font-size:17px;line-height:normal;"">
<span class=""s3"" style=""font-family:Menlo-Regular;font-size:12px;""></span><span class=""s4"" style=""font-family:UICTFontTextStyleBody;"">Delivery within 2-3 weeks</span>
</li></ul>
<p class=""p3"" style=""margin-bottom:0px;font-size:17px;line-height:normal;""><span class=""s4"" style=""font-family:UICTFontTextStyleBody;""></span><br></p>
<p class=""p3"" style=""margin-bottom:0px;font-size:17px;line-height:normal;""><span class=""s4"" style=""font-family:UICTFontTextStyleBody;""></span><br></p>
<p class=""p3"" style=""margin-bottom:0px;font-size:17px;line-height:normal;""><span class=""s99"" style=""font-family:UICTFontTextStyleBody;""></span><br></p>
</div>",2205,https://bucket.zammit.shop/active-storage/5g9e4wqkhanm9x8ucu7bsuzqwebw,https://bucket.zammit.shop/active-storage/5g9e4wqkhanm9x8ucu7bsuzqwebw|https://bucket.zammit.shop/active-storage/qxrrroe0nwdecqtn2cxv2bz9nh0c|https://bucket.zammit.shop/active-storage/zfhfwutxzxilupy2ik21b8p8t00i,African-Ivory-Kilim-Rug,,70 x 1.5 M|1 * 1.5 M|1.5 * 2 M|1.7 * 2.6 M|2 * 2.5 M|2 * 3 M|3 * 4 M,2205|3150|6300|9282|10500|12600|25200
Rustic Woven Shag Kilim Rug,"<div>
<p class=""p2"" style=""margin-bottom:0px;font-size:17px;line-height:normal;""><span class=""s2"" style=""font-family:UICTFontTextStyleEmphasizedBody;font-weight:bold;"">MATERIAL</span></p>
<ul class=""ul1"" style="""">
<li class=""li2"" style=""margin:0px;font-size:17px;line-height:normal;"">
<span class=""s3"" style=""font-family:Menlo-Regular;font-size:12px;""></span><span class=""s4"" style=""font-family:UICTFontTextStyleBody;"">100% Wool, hand-woven on a wool base.&nbsp;</span>
</li>
<li class=""li2"" style=""margin:0px;font-size:17px;line-height:normal;"">
<span class=""s3"" style=""font-family:Menlo-Regular;font-size:12px;""></span><span class=""s4"" style=""font-family:UICTFontTextStyleBody;"">All of Kilim Masr’s products are handcrafted, making each product unique. Slight variations and imperfections are embraced.&nbsp;</span>
</li>
</ul>
<p class=""p2"" style=""margin-bottom:0px;font-size:17px;line-height:normal;""><span class=""s4"" style=""font-family:UICTFontTextStyleBody;"">&nbsp;&nbsp;</span><span class=""s2"" style=""font-family:UICTFontTextStyleEmphasizedBody;font-weight:bold;"">CARE</span></p>
<ul class=""ul1"" style="""">
<li class=""li2"" style=""margin:0px;font-size:17px;line-height:normal;"">
<span class=""s3"" style=""font-family:Menlo-Regular;font-size:12px;""></span><span class=""s4"" style=""font-family:UICTFontTextStyleBody;"">Dry clean recommended or hand wash cold with non-bleach detergent.</span>
</li>
<li class=""li2"" style=""margin:0px;font-size:17px;line-height:normal;"">
<span class=""s3"" style=""font-family:Menlo-Regular;font-size:12px;""></span><span class=""s4"" style=""font-family:UICTFontTextStyleBody;"">For stains, scrub with gel detergent &amp; leave to air dry.</span>
</li>
<li class=""li2"" style=""margin:0px;font-size:17px;line-height:normal;"">
<span class=""s3"" style=""font-family:Menlo-Regular;font-size:12px;""></span><span class=""s4"" style=""font-family:UICTFontTextStyleBody;"">Do not use bleach, stain remover, or tumble dry.</span>
</li>
<li class=""li2"" style=""margin:0px;font-size:17px;line-height:normal;"">
<span class=""s3"" style=""font-family:Menlo-Regular;font-size:12px;""></span><span class=""s4"" style=""font-family:UICTFontTextStyleBody;"">Products are for indoor use, do not expose to direct sunlight.</span>
</li>
<li class=""li2"" style=""margin:0px;font-size:17px;line-height:normal;"">
<span class=""s3"" style=""font-family:Menlo-Regular;font-size:12px;""></span><span class=""s4"" style=""font-family:UICTFontTextStyleBody;"">5-year guarantee on color fastness.</span>
</li>
</ul>
<p class=""p2"" style=""margin-bottom:0px;font-size:17px;line-height:normal;""><span class=""s4"" style=""font-family:UICTFontTextStyleBody;"">&nbsp;&nbsp;</span><span class=""s2"" style=""font-family:UICTFontTextStyleEmphasizedBody;font-weight:bold;"">SHIPPING</span></p>
<ul class=""ul1"" style=""""><li class=""li2"" style=""margin:0px;font-size:17px;line-height:normal;"">
<span class=""s3"" style=""font-family:Menlo-Regular;font-size:12px;""></span><span class=""s4"" style=""font-family:UICTFontTextStyleBody;"">Delivery within 2-3 weeks</span>
</li></ul>
<p class=""p3"" style=""margin-bottom:0px;font-size:17px;line-height:normal;""><span class=""s4"" style=""font-family:UICTFontTextStyleBody;""></span><br></p>
<p class=""p3"" style=""margin-bottom:0px;font-size:17px;line-height:normal;""><span class=""s4"" style=""font-family:UICTFontTextStyleBody;""></span><br></p>
<p class=""p3"" style=""margin-bottom:0px;font-size:17px;line-height:normal;""><span class=""s100"" style=""font-family:UICTFontTextStyleBody;""></span><br></p>
</div>",864,https://bucket.zammit.shop/active-storage/mr7w8uewdel7rqvhs1dsfdlkutw9,https://bucket.zammit.shop/active-storage/mr7w8uewdel7rqvhs1dsfdlkutw9|https://bucket.zammit.shop/active-storage/p1lv8dm6of3rjkzfm2lgjigb0q7e,Rustic-Woven-Shag-Kilim-Rug,,90 * 60 Cm|0.7 * 1.5 Cm|1 * 1.5 M|1.5 * 2 M|1.7 * 2.6 M|2 * 2.5 M|2 * 3 M|3 * 4 M,864|1575|2250|4500|6630|7500|9000|18000
Fuego Del Sol Kilim Rug,"<div>
<p class=""p2"" style=""margin-bottom:0px;font-size:17px;line-height:normal;""><span class=""s2"" style=""font-family:UICTFontTextStyleEmphasizedBody;font-weight:bold;"">MATERIAL</span></p>
<ul class=""ul1"" style="""">
<li class=""li2"" style=""margin:0px;font-size:17px;line-height:normal;"">
<span class=""s3"" style=""font-family:Menlo-Regular;font-size:12px;""></span><span class=""s4"" style=""font-family:UICTFontTextStyleBody;"">100% Wool, hand-woven on a wool base.&nbsp;</span>
</li>
<li class=""li2"" style=""margin:0px;font-size:17px;line-height:normal;"">
<span class=""s3"" style=""font-family:Menlo-Regular;font-size:12px;""></span><span class=""s4"" style=""font-family:UICTFontTextStyleBody;"">All of Kilim Masr’s products are handcrafted, making each product unique. Slight variations and imperfections are embraced.&nbsp;</span>
</li>
</ul>
<p class=""p2"" style=""margin-bottom:0px;font-size:17px;line-height:normal;""><span class=""s4"" style=""font-family:UICTFontTextStyleBody;"">&nbsp;&nbsp;</span><span class=""s2"" style=""font-family:UICTFontTextStyleEmphasizedBody;font-weight:bold;"">CARE</span></p>
<ul class=""ul1"" style="""">
<li class=""li2"" style=""margin:0px;font-size:17px;line-height:normal;"">
<span class=""s3"" style=""font-family:Menlo-Regular;font-size:12px;""></span><span class=""s4"" style=""font-family:UICTFontTextStyleBody;"">Dry clean recommended or hand wash cold with non-bleach detergent.</span>
</li>
<li class=""li2"" style=""margin:0px;font-size:17px;line-height:normal;"">
<span class=""s3"" style=""font-family:Menlo-Regular;font-size:12px;""></span><span class=""s4"" style=""font-family:UICTFontTextStyleBody;"">For stains, scrub with gel detergent &amp; leave to air dry.</span>
</li>
<li class=""li2"" style=""margin:0px;font-size:17px;line-height:normal;"">
<span class=""s3"" style=""font-family:Menlo-Regular;font-size:12px;""></span><span class=""s4"" style=""font-family:UICTFontTextStyleBody;"">Do not use bleach, stain remover, or tumble dry.</span>
</li>
<li class=""li2"" style=""margin:0px;font-size:17px;line-height:normal;"">
<span class=""s3"" style=""font-family:Menlo-Regular;font-size:12px;""></span><span class=""s4"" style=""font-family:UICTFontTextStyleBody;"">Products are for indoor use, do not expose to direct sunlight.</span>
</li>
<li class=""li2"" style=""margin:0px;font-size:17px;line-height:normal;"">
<span class=""s3"" style=""font-family:Menlo-Regular;font-size:12px;""></span><span class=""s4"" style=""font-family:UICTFontTextStyleBody;"">5-year guarantee on color fastness.</span>
</li>
</ul>
<p class=""p2"" style=""margin-bottom:0px;font-size:17px;line-height:normal;""><span class=""s4"" style=""font-family:UICTFontTextStyleBody;"">&nbsp;&nbsp;</span><span class=""s2"" style=""font-family:UICTFontTextStyleEmphasizedBody;font-weight:bold;"">SHIPPING</span></p>
<ul class=""ul1"" style=""""><li class=""li2"" style=""margin:0px;font-size:17px;line-height:normal;"">
<span class=""s3"" style=""font-family:Menlo-Regular;font-size:12px;""></span><span class=""s4"" style=""font-family:UICTFontTextStyleBody;"">Delivery within 2-3 weeks</span>
</li></ul>
<p class=""p3"" style=""margin-bottom:0px;font-size:17px;line-height:normal;""><span class=""s4"" style=""font-family:UICTFontTextStyleBody;""></span><br></p>
<p class=""p3"" style=""margin-bottom:0px;font-size:17px;line-height:normal;""><span class=""s4"" style=""font-family:UICTFontTextStyleBody;""></span><br></p>
<p class=""p3"" style=""margin-bottom:0px;font-size:17px;line-height:normal;""><span class=""s101"" style=""font-family:UICTFontTextStyleBody;""></span><br></p>
</div>",1575,https://bucket.zammit.shop/active-storage/0yc5oyelp40ggfjjg6nl2zl0zr7p,https://bucket.zammit.shop/active-storage/0yc5oyelp40ggfjjg6nl2zl0zr7p|https://bucket.zammit.shop/active-storage/9cjua43yh0qeiwxzvzvoir5z5t1q,Fuego-del-Sol-Kilim-Rug,,0.7 * 1.5 Cm|1 * 1.5 M|1.5 * 2 M|1.7 * 2.6 M|2 * 3 M|3 * 4 M,1575|2250|4500|6630|9000|18000
Chocolate Maya Kilim Rug,"<div>
<p class=""p2"" style=""margin-bottom:0px;font-size:17px;line-height:normal;""><span class=""s2"" style=""font-family:UICTFontTextStyleEmphasizedBody;font-weight:bold;"">MATERIAL</span></p>
<ul class=""ul1"" style="""">
<li class=""li2"" style=""margin:0px;font-size:17px;line-height:normal;"">
<span class=""s3"" style=""font-family:Menlo-Regular;font-size:12px;""></span><span class=""s4"" style=""font-family:UICTFontTextStyleBody;"">100% Wool, hand-woven on a wool base.&nbsp;</span>
</li>
<li class=""li2"" style=""margin:0px;font-size:17px;line-height:normal;"">
<span class=""s3"" style=""font-family:Menlo-Regular;font-size:12px;""></span><span class=""s4"" style=""font-family:UICTFontTextStyleBody;"">All of Kilim Masr’s products are handcrafted, making each product unique. Slight variations and imperfections are embraced.&nbsp;</span>
</li>
</ul>
<p class=""p2"" style=""margin-bottom:0px;font-size:17px;line-height:normal;""><span class=""s4"" style=""font-family:UICTFontTextStyleBody;"">&nbsp;&nbsp;</span><span class=""s2"" style=""font-family:UICTFontTextStyleEmphasizedBody;font-weight:bold;"">CARE</span></p>
<ul class=""ul1"" style="""">
<li class=""li2"" style=""margin:0px;font-size:17px;line-height:normal;"">
<span class=""s3"" style=""font-family:Menlo-Regular;font-size:12px;""></span><span class=""s4"" style=""font-family:UICTFontTextStyleBody;"">Dry clean recommended or hand wash cold with non-bleach detergent.</span>
</li>
<li class=""li2"" style=""margin:0px;font-size:17px;line-height:normal;"">
<span class=""s3"" style=""font-family:Menlo-Regular;font-size:12px;""></span><span class=""s4"" style=""font-family:UICTFontTextStyleBody;"">For stains, scrub with gel detergent &amp; leave to air dry.</span>
</li>
<li class=""li2"" style=""margin:0px;font-size:17px;line-height:normal;"">
<span class=""s3"" style=""font-family:Menlo-Regular;font-size:12px;""></span><span class=""s4"" style=""font-family:UICTFontTextStyleBody;"">Do not use bleach, stain remover, or tumble dry.</span>
</li>
<li class=""li2"" style=""margin:0px;font-size:17px;line-height:normal;"">
<span class=""s3"" style=""font-family:Menlo-Regular;font-size:12px;""></span><span class=""s4"" style=""font-family:UICTFontTextStyleBody;"">Products are for indoor use, do not expose to direct sunlight.</span>
</li>
<li class=""li2"" style=""margin:0px;font-size:17px;line-height:normal;"">
<span class=""s3"" style=""font-family:Menlo-Regular;font-size:12px;""></span><span class=""s4"" style=""font-family:UICTFontTextStyleBody;"">5-year guarantee on color fastness.</span>
</li>
</ul>
<p class=""p2"" style=""margin-bottom:0px;font-size:17px;line-height:normal;""><span class=""s4"" style=""font-family:UICTFontTextStyleBody;"">&nbsp;&nbsp;</span><span class=""s2"" style=""font-family:UICTFontTextStyleEmphasizedBody;font-weight:bold;"">SHIPPING</span></p>
<ul class=""ul1"" style=""""><li class=""li2"" style=""margin:0px;font-size:17px;line-height:normal;"">
<span class=""s3"" style=""font-family:Menlo-Regular;font-size:12px;""></span><span class=""s4"" style=""font-family:UICTFontTextStyleBody;"">Delivery within 2-3 weeks</span>
</li></ul>
<p class=""p3"" style=""margin-bottom:0px;font-size:17px;line-height:normal;""><span class=""s4"" style=""font-family:UICTFontTextStyleBody;""></span><br></p>
<p class=""p3"" style=""margin-bottom:0px;font-size:17px;line-height:normal;""><span class=""s4"" style=""font-family:UICTFontTextStyleBody;""></span><br></p>
<p class=""p3"" style=""margin-bottom:0px;font-size:17px;line-height:normal;""><span class=""s102"" style=""font-family:UICTFontTextStyleBody;""></span><br></p>
</div>",1575,https://bucket.zammit.shop/active-storage/36fi1hrtscw8vl045xyaeyqr9s20,https://bucket.zammit.shop/active-storage/36fi1hrtscw8vl045xyaeyqr9s20|https://bucket.zammit.shop/active-storage/6skv7nthw0x1tbvi0y4m7rs4pj70|https://bucket.zammit.shop/active-storage/hvrtdkm9ledq7ndu91fn2bvatvdj|https://bucket.zammit.shop/active-storage/okg029jakl6l4ww3llcp9eowivg2,Chocolate-Maya-Kilim-Rug,,0.7 * 1.5 Cm|1 * 1.5 M|1.5 * 2 M|1.7 * 2.6 M|2 * 2.5 M|2 * 3 M|3 * 4 M,1575|2250|4500|6630|7500|9000|18000



